node.label,clade,node.type,orig.node.label,num.genes.full,num.genes.partial,num.genes.descendant.counted,num.genes.discordant,num.genes.missing,num.ps.genes,ps.gene.list
Lophiomys_imhausi_UM5152,Lophiomys_imhausi_UM5152,tip,NA,52.0,0.0,0.0,0.0,48.0,0.0,
Lophuromys_woosnami_LSUMZ37793,Lophuromys_woosnami_LSUMZ37793,tip,NA,60.0,0.0,0.0,0.0,40.0,0.0,
Phloeomys_cumingi_FMNH198472,Phloeomys_cumingi_FMNH198472,tip,NA,88.0,0.0,0.0,0.0,12.0,2.0,ENSMUSP00000114074-mafft-cds.filter.csv;ENSMUSP00000099922-mafft-cds.filter.csv
Phloeomys_pallidus_JEC43,Phloeomys_pallidus_JEC43,tip,NA,80.0,0.0,0.0,0.0,20.0,1.0,ENSMUSP00000114074-mafft-cds.filter.csv
Crateromys_heaneyi_KU165014,Crateromys_heaneyi_KU165014,tip,NA,86.0,0.0,0.0,0.0,14.0,0.0,
Batomys_russatus_KU165776,Batomys_russatus_KU165776,tip,NA,79.0,0.0,0.0,0.0,21.0,2.0,ENSMUSP00000114074-mafft-cds.filter.csv;ENSMUSP00000099922-mafft-cds.filter.csv
Carpomys_melanurus_FMNH198723,Carpomys_melanurus_FMNH198723,tip,NA,91.0,0.0,0.0,0.0,9.0,2.0,ENSMUSP00000114074-mafft-cds.filter.csv;ENSMUSP00000099922-mafft-cds.filter.csv
Musseromys_anacuao_FMNH209523,Musseromys_anacuao_FMNH209523,tip,NA,87.0,0.0,0.0,0.0,13.0,1.0,ENSMUSP00000114074-mafft-cds.filter.csv
Maxomys_surifer_JAE3632,Maxomys_surifer_JAE3632,tip,NA,71.0,0.0,0.0,0.0,29.0,0.0,
Maxomys_musschenbroekii_sample1,Maxomys_musschenbroekii_sample1,tip,NA,41.0,0.0,0.0,0.0,59.0,0.0,
Crunomys_melanius_KU168558,Crunomys_melanius_KU168558,tip,NA,83.0,0.0,0.0,0.0,17.0,1.0,ENSMUSP00000099922-mafft-cds.filter.csv
Crunomys_celebensis_Z21894,Crunomys_celebensis_Z21894,tip,NA,70.0,0.0,0.0,0.0,30.0,1.0,ENSMUSP00000099922-mafft-cds.filter.csv
Gracilimus_radix_Z08508,Gracilimus_radix_Z08508,tip,NA,87.0,0.0,0.0,0.0,13.0,2.0,ENSMUSP00000114074-mafft-cds.filter.csv;ENSMUSP00000099922-mafft-cds.filter.csv
Waiomys_mamasae_Z20624,Waiomys_mamasae_Z20624,tip,NA,79.0,0.0,0.0,0.0,21.0,1.0,ENSMUSP00000099922-mafft-cds.filter.csv
Tateomys_rhinogradoides_Z21785,Tateomys_rhinogradoides_Z21785,tip,NA,87.0,0.0,0.0,0.0,13.0,1.0,ENSMUSP00000099922-mafft-cds.filter.csv
Tateomys_macrocercus_Z21834,Tateomys_macrocercus_Z21834,tip,NA,60.0,0.0,0.0,0.0,40.0,0.0,
Saxatilomys_paulinae_ABTC116266,Saxatilomys_paulinae_ABTC116266,tip,NA,86.0,0.0,0.0,0.0,14.0,1.0,ENSMUSP00000099922-mafft-cds.filter.csv
Margaretamys_parvus_NMVZ21833,Margaretamys_parvus_NMVZ21833,tip,NA,95.0,0.0,0.0,0.0,5.0,2.0,ENSMUSP00000114074-mafft-cds.filter.csv;ENSMUSP00000099922-mafft-cds.filter.csv
Margaretamys_christinae_TMar1,Margaretamys_christinae_TMar1,tip,NA,82.0,0.0,0.0,0.0,18.0,2.0,ENSMUSP00000114074-mafft-cds.filter.csv;ENSMUSP00000099922-mafft-cds.filter.csv
Leopoldomys_sabanus_Z25191,Leopoldomys_sabanus_Z25191,tip,NA,85.0,0.0,0.0,0.0,15.0,0.0,
Anonymomys_mindorensis_FMNH2222010,Anonymomys_mindorensis_FMNH2222010,tip,NA,86.0,0.0,0.0,0.0,14.0,2.0,ENSMUSP00000114074-mafft-cds.filter.csv;ENSMUSP00000099922-mafft-cds.filter.csv
Niviventer_lepturus_JAE4746,Niviventer_lepturus_JAE4746,tip,NA,80.0,0.0,0.0,0.0,20.0,0.0,
Niviventer_rapit_LSUMZ38196,Niviventer_rapit_LSUMZ38196,tip,NA,77.0,0.0,0.0,0.0,23.0,1.0,ENSMUSP00000099922-mafft-cds.filter.csv
Niviventer_bukit_LSUMZ38136,Niviventer_bukit_LSUMZ38136,tip,NA,80.0,0.0,0.0,0.0,20.0,1.0,ENSMUSP00000099922-mafft-cds.filter.csv
Berylmys_bowersi_ABTC116431,Berylmys_bowersi_ABTC116431,tip,NA,84.0,0.0,0.0,0.0,16.0,1.0,ENSMUSP00000114074-mafft-cds.filter.csv
Berylmys_mackenziei_ABTC116402,Berylmys_mackenziei_ABTC116402,tip,NA,56.0,0.0,0.0,0.0,44.0,0.0,
Nesokia_indica_ABTC117074,Nesokia_indica_ABTC117074,tip,NA,65.0,0.0,0.0,0.0,35.0,1.0,ENSMUSP00000099922-mafft-cds.filter.csv
Bandicota_indica_ABTC119185,Bandicota_indica_ABTC119185,tip,NA,75.0,0.0,0.0,0.0,25.0,1.0,ENSMUSP00000099922-mafft-cds.filter.csv
Rattus_exulans_sample1,Rattus_exulans_sample1,tip,NA,74.0,0.0,0.0,0.0,26.0,1.0,ENSMUSP00000099922-mafft-cds.filter.csv
rnor6,rnor6,tip,NA,80.0,0.0,0.0,0.0,20.0,1.0,ENSMUSP00000114074-mafft-cds.filter.csv
Tarsomys_apoensis_KU167148,Tarsomys_apoensis_KU167148,tip,NA,82.0,0.0,0.0,0.0,18.0,1.0,ENSMUSP00000099922-mafft-cds.filter.csv
Limnomys_sibuanus_FMNH147948,Limnomys_sibuanus_FMNH147948,tip,NA,88.0,0.0,0.0,0.0,12.0,1.0,ENSMUSP00000099922-mafft-cds.filter.csv
Rattus_xanthurus_LSUMZ39196,Rattus_xanthurus_LSUMZ39196,tip,NA,89.0,0.0,0.0,0.0,11.0,2.0,ENSMUSP00000114074-mafft-cds.filter.csv;ENSMUSP00000099922-mafft-cds.filter.csv
Rattus_morotaiensis_ASAM29,Rattus_morotaiensis_ASAM29,tip,NA,88.0,0.0,0.0,0.0,12.0,2.0,ENSMUSP00000114074-mafft-cds.filter.csv;ENSMUSP00000099922-mafft-cds.filter.csv
Rattus_praetor_sample1,Rattus_praetor_sample1,tip,NA,36.0,0.0,0.0,0.0,64.0,0.0,
Sundamys_annandalei_YS118,Sundamys_annandalei_YS118,tip,NA,81.0,0.0,0.0,0.0,19.0,1.0,ENSMUSP00000099922-mafft-cds.filter.csv
Sundamys_muelleri_JAE1283,Sundamys_muelleri_JAE1283,tip,NA,60.0,0.0,0.0,0.0,40.0,0.0,
Bunomys_andrewsi_sample1,Bunomys_andrewsi_sample1,tip,NA,32.0,0.0,0.0,0.0,68.0,0.0,
Bunomys_torajae_NMVZ21736,Bunomys_torajae_NMVZ21736,tip,NA,74.0,0.0,0.0,0.0,26.0,1.0,ENSMUSP00000114074-mafft-cds.filter.csv
Bunomys_chrysocomus_JAE4867,Bunomys_chrysocomus_JAE4867,tip,NA,83.0,0.0,0.0,0.0,17.0,1.0,ENSMUSP00000099922-mafft-cds.filter.csv
Chiropodomys_gliroides_Z25153,Chiropodomys_gliroides_Z25153,tip,NA,73.0,0.0,0.0,0.0,27.0,0.0,
Haeromys_minahassae_JAE4996,Haeromys_minahassae_JAE4996,tip,NA,70.0,0.0,0.0,0.0,30.0,0.0,
Apomys_lubangensis_JAE169,Apomys_lubangensis_JAE169,tip,NA,74.0,0.0,0.0,0.0,26.0,0.0,
Archboldomys_luzonensis_EAR1826,Archboldomys_luzonensis_EAR1826,tip,NA,75.0,0.0,0.0,0.0,25.0,1.0,ENSMUSP00000114074-mafft-cds.filter.csv
Chrotomys_whiteheadi_KU168311,Chrotomys_whiteheadi_KU168311,tip,NA,73.0,0.0,0.0,0.0,27.0,1.0,ENSMUSP00000114074-mafft-cds.filter.csv
Chrotomys_mindorensis_JAE520,Chrotomys_mindorensis_JAE520,tip,NA,82.0,0.0,0.0,0.0,18.0,1.0,ENSMUSP00000114074-mafft-cds.filter.csv
Chiruromys_vates_ABTC43096,Chiruromys_vates_ABTC43096,tip,NA,77.0,0.0,0.0,0.0,23.0,1.0,ENSMUSP00000099922-mafft-cds.filter.csv
Pogonomys_macrourus_ABTC43144,Pogonomys_macrourus_ABTC43144,tip,NA,87.0,0.0,0.0,0.0,13.0,1.0,ENSMUSP00000099922-mafft-cds.filter.csv
Coccymys_ruemmleri_ABTC49489,Coccymys_ruemmleri_ABTC49489,tip,NA,85.0,0.0,0.0,0.0,15.0,2.0,ENSMUSP00000114074-mafft-cds.filter.csv;ENSMUSP00000099922-mafft-cds.filter.csv
Crossomys_moncktoni_ABTC46614,Crossomys_moncktoni_ABTC46614,tip,NA,94.0,0.0,0.0,0.0,6.0,2.0,ENSMUSP00000114074-mafft-cds.filter.csv;ENSMUSP00000099922-mafft-cds.filter.csv
Parahydromys_asper_ABTC45798,Parahydromys_asper_ABTC45798,tip,NA,79.0,0.0,0.0,0.0,21.0,2.0,ENSMUSP00000114074-mafft-cds.filter.csv;ENSMUSP00000099922-mafft-cds.filter.csv
Hydromys_sp-nov_YS391,Hydromys_sp-nov_YS391,tip,NA,81.0,0.0,0.0,0.0,19.0,2.0,ENSMUSP00000114074-mafft-cds.filter.csv;ENSMUSP00000099922-mafft-cds.filter.csv
Hydromys_chrysogaster_Z5248,Hydromys_chrysogaster_Z5248,tip,NA,49.0,0.0,0.0,0.0,51.0,0.0,
Xeromys_myoides_ABTC30709,Xeromys_myoides_ABTC30709,tip,NA,91.0,0.0,0.0,0.0,9.0,2.0,ENSMUSP00000114074-mafft-cds.filter.csv;ENSMUSP00000099922-mafft-cds.filter.csv
Microhydromys_richardsoni_ANWCM35851,Microhydromys_richardsoni_ANWCM35851,tip,NA,87.0,0.0,0.0,0.0,13.0,1.0,ENSMUSP00000114074-mafft-cds.filter.csv
Pseudohydromys_pumehanae_ABTC43920,Pseudohydromys_pumehanae_ABTC43920,tip,NA,77.0,0.0,0.0,0.0,23.0,2.0,ENSMUSP00000114074-mafft-cds.filter.csv;ENSMUSP00000099922-mafft-cds.filter.csv
Uromys_sp-nov_YS380,Uromys_sp-nov_YS380,tip,NA,70.0,0.0,0.0,0.0,30.0,2.0,ENSMUSP00000114074-mafft-cds.filter.csv;ENSMUSP00000099922-mafft-cds.filter.csv
Uromys_caudimaculatus_DT10Uc01,Uromys_caudimaculatus_DT10Uc01,tip,NA,83.0,0.0,0.0,0.0,17.0,2.0,ENSMUSP00000114074-mafft-cds.filter.csv;ENSMUSP00000099922-mafft-cds.filter.csv
Leporillus_apicalis_C90,Leporillus_apicalis_C90,tip,NA,29.0,0.0,0.0,0.0,71.0,0.0,
Conilurus_penicillatus_M14056,Conilurus_penicillatus_M14056,tip,NA,73.0,0.0,0.0,0.0,27.0,1.0,ENSMUSP00000114074-mafft-cds.filter.csv
Mesembriomys_macrurus_ABTC7337,Mesembriomys_macrurus_ABTC7337,tip,NA,63.0,0.0,0.0,0.0,37.0,0.0,
Mesembriomys_gouldii_ABTC7449,Mesembriomys_gouldii_ABTC7449,tip,NA,80.0,0.0,0.0,0.0,20.0,2.0,ENSMUSP00000114074-mafft-cds.filter.csv;ENSMUSP00000099922-mafft-cds.filter.csv
Zyzomys_woodwardi_WAMM21724,Zyzomys_woodwardi_WAMM21724,tip,NA,62.0,0.0,0.0,0.0,38.0,0.0,
Zyzomys_maini_ABTC07900,Zyzomys_maini_ABTC07900,tip,NA,85.0,0.0,0.0,0.0,15.0,2.0,ENSMUSP00000114074-mafft-cds.filter.csv;ENSMUSP00000099922-mafft-cds.filter.csv
Zyzomys_palatalis_ABTC30744,Zyzomys_palatalis_ABTC30744,tip,NA,82.0,0.0,0.0,0.0,18.0,0.0,
Zyzomys_argurus_ABTC61630,Zyzomys_argurus_ABTC61630,tip,NA,80.0,0.0,0.0,0.0,20.0,0.0,
Pseudomys_calabyi_U4324,Pseudomys_calabyi_U4324,tip,NA,74.0,0.0,0.0,0.0,26.0,0.0,
Pseudomys_johnsoni_ABTC08053,Pseudomys_johnsoni_ABTC08053,tip,NA,87.0,0.0,0.0,0.0,13.0,2.0,ENSMUSP00000114074-mafft-cds.filter.csv;ENSMUSP00000099922-mafft-cds.filter.csv
Pseudomys_patrius_JM10865,Pseudomys_patrius_JM10865,tip,NA,80.0,0.0,0.0,0.0,20.0,0.0,
Pseudomys_occidentalis_ABTC08043,Pseudomys_occidentalis_ABTC08043,tip,NA,82.0,0.0,0.0,0.0,18.0,1.0,ENSMUSP00000099922-mafft-cds.filter.csv
Pseudomys_australis_M25541,Pseudomys_australis_M25541,tip,NA,83.0,0.0,0.0,0.0,17.0,1.0,ENSMUSP00000099922-mafft-cds.filter.csv
Pseudomys_hermannsburgensis_ABTC08067,Pseudomys_hermannsburgensis_ABTC08067,tip,NA,83.0,0.0,0.0,0.0,17.0,1.0,ENSMUSP00000099922-mafft-cds.filter.csv
Pseudomys_delicatulus_U1509,Pseudomys_delicatulus_U1509,tip,NA,83.0,0.0,0.0,0.0,17.0,2.0,ENSMUSP00000114074-mafft-cds.filter.csv;ENSMUSP00000099922-mafft-cds.filter.csv
Pseudomys_novaehollandiae_ABTC08140,Pseudomys_novaehollandiae_ABTC08140,tip,NA,84.0,0.0,0.0,0.0,16.0,1.0,ENSMUSP00000099922-mafft-cds.filter.csv
Vandeleuria_oleracea_ABTC116404,Vandeleuria_oleracea_ABTC116404,tip,NA,66.0,0.0,0.0,0.0,34.0,1.0,ENSMUSP00000114074-mafft-cds.filter.csv
Pithecheir_melanurus_LSUMZ38198,Pithecheir_melanurus_LSUMZ38198,tip,NA,90.0,0.0,0.0,0.0,10.0,2.0,ENSMUSP00000114074-mafft-cds.filter.csv;ENSMUSP00000099922-mafft-cds.filter.csv
Otomys_tropicalis_LSUMZ37841,Otomys_tropicalis_LSUMZ37841,tip,NA,90.0,0.0,0.0,0.0,10.0,2.0,ENSMUSP00000114074-mafft-cds.filter.csv;ENSMUSP00000099922-mafft-cds.filter.csv
Otomys_denti_LSUMZ37840,Otomys_denti_LSUMZ37840,tip,NA,83.0,0.0,0.0,0.0,17.0,2.0,ENSMUSP00000114074-mafft-cds.filter.csv;ENSMUSP00000099922-mafft-cds.filter.csv
Oenomys_hypoxanthus_LSUMZ37838,Oenomys_hypoxanthus_LSUMZ37838,tip,NA,87.0,0.0,0.0,0.0,13.0,2.0,ENSMUSP00000114074-mafft-cds.filter.csv;ENSMUSP00000099922-mafft-cds.filter.csv
Dasymys_montanus_FMNH144389,Dasymys_montanus_FMNH144389,tip,NA,86.0,0.0,0.0,0.0,14.0,2.0,ENSMUSP00000114074-mafft-cds.filter.csv;ENSMUSP00000099922-mafft-cds.filter.csv
Dasymys_incomtus_LSUMZ37702,Dasymys_incomtus_LSUMZ37702,tip,NA,66.0,0.0,0.0,0.0,34.0,0.0,
Rhabdomys_pumilio_MNHN1995065,Rhabdomys_pumilio_MNHN1995065,tip,NA,67.0,0.0,0.0,0.0,33.0,1.0,ENSMUSP00000114074-mafft-cds.filter.csv
Mylomys_dybowskii_MNHN1997072,Mylomys_dybowskii_MNHN1997072,tip,NA,75.0,0.0,0.0,0.0,25.0,0.0,
Pelomys_isseli_FMNH137886,Pelomys_isseli_FMNH137886,tip,NA,91.0,0.0,0.0,0.0,9.0,2.0,ENSMUSP00000114074-mafft-cds.filter.csv;ENSMUSP00000099922-mafft-cds.filter.csv
Pelomys_minor_FMNH219213,Pelomys_minor_FMNH219213,tip,NA,90.0,0.0,0.0,0.0,10.0,1.0,ENSMUSP00000099922-mafft-cds.filter.csv
Lemniscomys_striatus_TCD4711,Lemniscomys_striatus_TCD4711,tip,NA,75.0,0.0,0.0,0.0,25.0,0.0,
Arvicanthus_niloticus_MNHN1999201,Arvicanthus_niloticus_MNHN1999201,tip,NA,83.0,0.0,0.0,0.0,17.0,2.0,ENSMUSP00000114074-mafft-cds.filter.csv;ENSMUSP00000099922-mafft-cds.filter.csv
Arvicanthus_neumanni_FMNH158037,Arvicanthus_neumanni_FMNH158037,tip,NA,67.0,0.0,0.0,0.0,33.0,0.0,
Apodemus_sylvaticus_SMG3823,Apodemus_sylvaticus_SMG3823,tip,NA,66.0,0.0,0.0,0.0,34.0,0.0,
Praomys_jacksoni_REC31,Praomys_jacksoni_REC31,tip,NA,81.0,0.0,0.0,0.0,19.0,2.0,ENSMUSP00000114074-mafft-cds.filter.csv;ENSMUSP00000099922-mafft-cds.filter.csv
Praomys_degraaffi_TCD4312,Praomys_degraaffi_TCD4312,tip,NA,58.0,0.0,0.0,0.0,42.0,0.0,
Myomyscus_verreauxii_MNHN1999102,Myomyscus_verreauxii_MNHN1999102,tip,NA,76.0,0.0,0.0,0.0,24.0,2.0,ENSMUSP00000114074-mafft-cds.filter.csv;ENSMUSP00000099922-mafft-cds.filter.csv
Zelotomys_woosnami_TTU-M115260,Zelotomys_woosnami_TTU-M115260,tip,NA,78.0,0.0,0.0,0.0,22.0,1.0,ENSMUSP00000099922-mafft-cds.filter.csv
Colomys_goslingi_TCD4175,Colomys_goslingi_TCD4175,tip,NA,77.0,0.0,0.0,0.0,23.0,1.0,ENSMUSP00000114074-mafft-cds.filter.csv
Heimyscus_fumosus_FMNH167810,Heimyscus_fumosus_FMNH167810,tip,NA,88.0,0.0,0.0,0.0,12.0,1.0,ENSMUSP00000114074-mafft-cds.filter.csv
Hylomyscus_stella_LSUMZ37742,Hylomyscus_stella_LSUMZ37742,tip,NA,94.0,0.0,0.0,0.0,6.0,2.0,ENSMUSP00000114074-mafft-cds.filter.csv;ENSMUSP00000099922-mafft-cds.filter.csv
Hylomyscus_vulcanorum_TCD4382,Hylomyscus_vulcanorum_TCD4382,tip,NA,79.0,0.0,0.0,0.0,21.0,0.0,
Mus_pahari_10460X1,Mus_pahari_10460X1,tip,NA,67.0,0.0,0.0,0.0,33.0,1.0,ENSMUSP00000114074-mafft-cds.filter.csv
Mus_platythrix_10460X13,Mus_platythrix_10460X13,tip,NA,60.0,0.0,0.0,0.0,40.0,0.0,
Mus_caroli_10460X9,Mus_caroli_10460X9,tip,NA,71.0,0.0,0.0,0.0,29.0,0.0,
Mus_cookii_10460X3,Mus_cookii_10460X3,tip,NA,90.0,0.0,0.0,0.0,10.0,2.0,ENSMUSP00000114074-mafft-cds.filter.csv;ENSMUSP00000099922-mafft-cds.filter.csv
Mus_cervicolor_10460X10,Mus_cervicolor_10460X10,tip,NA,87.0,0.0,0.0,0.0,13.0,2.0,ENSMUSP00000114074-mafft-cds.filter.csv;ENSMUSP00000099922-mafft-cds.filter.csv
Mus_spicilegus_10460X11,Mus_spicilegus_10460X11,tip,NA,58.0,0.0,0.0,0.0,42.0,1.0,ENSMUSP00000099922-mafft-cds.filter.csv
Mus_macedonicus_10460X12,Mus_macedonicus_10460X12,tip,NA,80.0,0.0,0.0,0.0,20.0,2.0,ENSMUSP00000114074-mafft-cds.filter.csv;ENSMUSP00000099922-mafft-cds.filter.csv
Mus_musculus-castaneus_10460X7,Mus_musculus-castaneus_10460X7,tip,NA,77.0,0.0,0.0,0.0,23.0,2.0,ENSMUSP00000114074-mafft-cds.filter.csv;ENSMUSP00000099922-mafft-cds.filter.csv
Mus_musculus-musculus_10460X14,Mus_musculus-musculus_10460X14,tip,NA,77.0,0.0,0.0,0.0,23.0,1.0,ENSMUSP00000114074-mafft-cds.filter.csv
Mus_musculus-reference_10460X5,Mus_musculus-reference_10460X5,tip,NA,74.0,0.0,0.0,0.0,26.0,1.0,ENSMUSP00000099922-mafft-cds.filter.csv
Mus_musculus-domesticus_10460X15,Mus_musculus-domesticus_10460X15,tip,NA,87.0,0.0,0.0,0.0,13.0,2.0,ENSMUSP00000114074-mafft-cds.filter.csv;ENSMUSP00000099922-mafft-cds.filter.csv
mm10,mm10,tip,NA,100.0,0.0,0.0,0.0,0.0,2.0,ENSMUSP00000114074-mafft-cds.filter.csv;ENSMUSP00000099922-mafft-cds.filter.csv
<1>,Lophiomys_imhausi_UM5152;Lophuromys_woosnami_LSUMZ37793,internal,_84.3,37.0,0.0,31.0,0.0,32.0,0.0,
<2>,Phloeomys_cumingi_FMNH198472;Phloeomys_pallidus_JEC43,internal,_93.9,72.0,0.0,18.0,0.0,10.0,1.0,ENSMUSP00000114074-mafft-cds.filter.csv
<3>,Batomys_russatus_KU165776;Crateromys_heaneyi_KU165014,internal,_82.1,59.0,0.0,36.0,0.0,5.0,0.0,
<4>,Carpomys_melanurus_FMNH198723;Musseromys_anacuao_FMNH209523,internal,_90.1,72.0,0.0,25.0,0.0,3.0,1.0,ENSMUSP00000114074-mafft-cds.filter.csv
<5>,Batomys_russatus_KU165776;Carpomys_melanurus_FMNH198723;Crateromys_heaneyi_KU165014;Musseromys_anacuao_FMNH209523,internal,_72.6,43.0,21.0,33.0,3.0,0.0,2.0,ENSMUSP00000114074-mafft-cds.filter.csv;ENSMUSP00000099922-mafft-cds.filter.csv
<6>,Batomys_russatus_KU165776;Carpomys_melanurus_FMNH198723;Crateromys_heaneyi_KU165014;Musseromys_anacuao_FMNH209523;Phloeomys_cumingi_FMNH198472;Phloeomys_pallidus_JEC43,internal,_83.5,43.0,35.0,19.0,3.0,0.0,2.0,ENSMUSP00000114074-mafft-cds.filter.csv;ENSMUSP00000099922-mafft-cds.filter.csv
<7>,Crunomys_celebensis_Z21894;Crunomys_melanius_KU168558,internal,_88.1,58.0,0.0,30.0,0.0,12.0,1.0,ENSMUSP00000099922-mafft-cds.filter.csv
<8>,Crunomys_celebensis_Z21894;Crunomys_melanius_KU168558;Maxomys_musschenbroekii_sample1,internal,_65.2,16.0,8.0,65.0,2.0,9.0,0.0,
<9>,Crunomys_celebensis_Z21894;Crunomys_melanius_KU168558;Maxomys_musschenbroekii_sample1;Maxomys_surifer_JAE3632,internal,_79.2,19.0,33.0,33.0,7.0,8.0,0.0,
<10>,Gracilimus_radix_Z08508;Waiomys_mamasae_Z20624,internal,_87.4,66.0,0.0,25.0,0.0,9.0,1.0,ENSMUSP00000099922-mafft-cds.filter.csv
<11>,Tateomys_macrocercus_Z21834;Tateomys_rhinogradoides_Z21785,internal,_58.6,38.0,0.0,51.0,0.0,11.0,0.0,
<12>,Gracilimus_radix_Z08508;Tateomys_macrocercus_Z21834;Tateomys_rhinogradoides_Z21785;Waiomys_mamasae_Z20624,internal,_55.2,23.0,24.0,47.0,2.0,4.0,1.0,ENSMUSP00000099922-mafft-cds.filter.csv
<13>,Margaretamys_christinae_TMar1;Margaretamys_parvus_NMVZ21833,internal,_80.2,60.0,0.0,36.0,0.0,4.0,1.0,ENSMUSP00000099922-mafft-cds.filter.csv
<14>,Niviventer_bukit_LSUMZ38136;Niviventer_rapit_LSUMZ38196,internal,_91.0,58.0,0.0,31.0,0.0,11.0,1.0,ENSMUSP00000099922-mafft-cds.filter.csv
<15>,Niviventer_bukit_LSUMZ38136;Niviventer_lepturus_JAE4746;Niviventer_rapit_LSUMZ38196,internal,_77.0,51.0,8.0,34.0,1.0,6.0,0.0,
<16>,Anonymomys_mindorensis_FMNH2222010;Niviventer_bukit_LSUMZ38136;Niviventer_lepturus_JAE4746;Niviventer_rapit_LSUMZ38196,internal,_43.1,19.0,10.0,63.0,4.0,4.0,1.0,ENSMUSP00000099922-mafft-cds.filter.csv
<17>,Anonymomys_mindorensis_FMNH2222010;Leopoldomys_sabanus_Z25191;Niviventer_bukit_LSUMZ38136;Niviventer_lepturus_JAE4746;Niviventer_rapit_LSUMZ38196,internal,_49.1,32.0,12.0,47.0,6.0,3.0,0.0,
<18>,Anonymomys_mindorensis_FMNH2222010;Leopoldomys_sabanus_Z25191;Margaretamys_christinae_TMar1;Margaretamys_parvus_NMVZ21833;Niviventer_bukit_LSUMZ38136;Niviventer_lepturus_JAE4746;Niviventer_rapit_LSUMZ38196,internal,_50.8,28.0,16.0,41.0,13.0,2.0,1.0,ENSMUSP00000099922-mafft-cds.filter.csv
<19>,Anonymomys_mindorensis_FMNH2222010;Leopoldomys_sabanus_Z25191;Margaretamys_christinae_TMar1;Margaretamys_parvus_NMVZ21833;Niviventer_bukit_LSUMZ38136;Niviventer_lepturus_JAE4746;Niviventer_rapit_LSUMZ38196;Saxatilomys_paulinae_ABTC116266,internal,_70.5,38.0,21.0,25.0,15.0,1.0,1.0,ENSMUSP00000099922-mafft-cds.filter.csv
<20>,Berylmys_bowersi_ABTC116431;Berylmys_mackenziei_ABTC116402,internal,_88.4,45.0,0.0,41.0,0.0,14.0,0.0,
<21>,Bandicota_indica_ABTC119185;Nesokia_indica_ABTC117074,internal,_75.9,43.0,0.0,39.0,0.0,18.0,1.0,ENSMUSP00000099922-mafft-cds.filter.csv
<22>,Rattus_exulans_sample1;rnor6,internal,_32.6,16.0,0.0,74.0,0.0,10.0,0.0,
<23>,Limnomys_sibuanus_FMNH147948;Tarsomys_apoensis_KU167148,internal,_56.9,40.0,0.0,55.0,0.0,5.0,1.0,ENSMUSP00000099922-mafft-cds.filter.csv
<24>,Rattus_morotaiensis_ASAM29;Rattus_praetor_sample1,internal,_42.1,8.0,0.0,81.0,0.0,11.0,0.0,
<25>,Rattus_morotaiensis_ASAM29;Rattus_praetor_sample1;Rattus_xanthurus_LSUMZ39196,internal,_42.2,11.0,28.0,55.0,1.0,5.0,2.0,ENSMUSP00000114074-mafft-cds.filter.csv;ENSMUSP00000099922-mafft-cds.filter.csv
<26>,Limnomys_sibuanus_FMNH147948;Rattus_morotaiensis_ASAM29;Rattus_praetor_sample1;Rattus_xanthurus_LSUMZ39196;Tarsomys_apoensis_KU167148,internal,_21.7,5.0,24.0,61.0,7.0,3.0,1.0,ENSMUSP00000099922-mafft-cds.filter.csv
<27>,Limnomys_sibuanus_FMNH147948;Rattus_exulans_sample1;Rattus_morotaiensis_ASAM29;Rattus_praetor_sample1;Rattus_xanthurus_LSUMZ39196;rnor6;Tarsomys_apoensis_KU167148,internal,_29.8,9.0,26.0,47.0,17.0,1.0,1.0,ENSMUSP00000114074-mafft-cds.filter.csv
<28>,Bandicota_indica_ABTC119185;Limnomys_sibuanus_FMNH147948;Nesokia_indica_ABTC117074;Rattus_exulans_sample1;Rattus_morotaiensis_ASAM29;Rattus_praetor_sample1;Rattus_xanthurus_LSUMZ39196;rnor6;Tarsomys_apoensis_KU167148,internal,_39.9,9.0,21.0,49.0,20.0,1.0,0.0,
<29>,Sundamys_annandalei_YS118;Sundamys_muelleri_JAE1283,internal,_57.3,27.0,0.0,62.0,0.0,11.0,0.0,
<30>,Bunomys_chrysocomus_JAE4867;Bunomys_torajae_NMVZ21736,internal,_30.3,31.0,0.0,61.0,0.0,8.0,0.0,
<31>,Bunomys_andrewsi_sample1;Bunomys_chrysocomus_JAE4867;Bunomys_torajae_NMVZ21736,internal,_31.1,12.0,2.0,76.0,3.0,7.0,0.0,
<32>,Bunomys_andrewsi_sample1;Bunomys_chrysocomus_JAE4867;Bunomys_torajae_NMVZ21736;Sundamys_annandalei_YS118;Sundamys_muelleri_JAE1283,internal,_26.3,7.0,21.0,60.0,8.0,4.0,1.0,ENSMUSP00000099922-mafft-cds.filter.csv
<33>,Bandicota_indica_ABTC119185;Bunomys_andrewsi_sample1;Bunomys_chrysocomus_JAE4867;Bunomys_torajae_NMVZ21736;Limnomys_sibuanus_FMNH147948;Nesokia_indica_ABTC117074;Rattus_exulans_sample1;Rattus_morotaiensis_ASAM29;Rattus_praetor_sample1;Rattus_xanthurus_LSUMZ39196;rnor6;Sundamys_annandalei_YS118;Sundamys_muelleri_JAE1283;Tarsomys_apoensis_KU167148,internal,_55.5,4.0,51.0,22.0,22.0,1.0,1.0,ENSMUSP00000099922-mafft-cds.filter.csv
<34>,Bandicota_indica_ABTC119185;Berylmys_bowersi_ABTC116431;Berylmys_mackenziei_ABTC116402;Bunomys_andrewsi_sample1;Bunomys_chrysocomus_JAE4867;Bunomys_torajae_NMVZ21736;Limnomys_sibuanus_FMNH147948;Nesokia_indica_ABTC117074;Rattus_exulans_sample1;Rattus_morotaiensis_ASAM29;Rattus_praetor_sample1;Rattus_xanthurus_LSUMZ39196;rnor6;Sundamys_annandalei_YS118;Sundamys_muelleri_JAE1283;Tarsomys_apoensis_KU167148,internal,_69.4,5.0,46.0,26.0,23.0,0.0,0.0,
<35>,Anonymomys_mindorensis_FMNH2222010;Bandicota_indica_ABTC119185;Berylmys_bowersi_ABTC116431;Berylmys_mackenziei_ABTC116402;Bunomys_andrewsi_sample1;Bunomys_chrysocomus_JAE4867;Bunomys_torajae_NMVZ21736;Leopoldomys_sabanus_Z25191;Limnomys_sibuanus_FMNH147948;Margaretamys_christinae_TMar1;Margaretamys_parvus_NMVZ21833;Nesokia_indica_ABTC117074;Niviventer_bukit_LSUMZ38136;Niviventer_lepturus_JAE4746;Niviventer_rapit_LSUMZ38196;Rattus_exulans_sample1;Rattus_morotaiensis_ASAM29;Rattus_praetor_sample1;Rattus_xanthurus_LSUMZ39196;rnor6;Saxatilomys_paulinae_ABTC116266;Sundamys_annandalei_YS118;Sundamys_muelleri_JAE1283;Tarsomys_apoensis_KU167148,internal,_32.5,4.0,27.0,43.0,26.0,0.0,1.0,ENSMUSP00000099922-mafft-cds.filter.csv
<36>,Anonymomys_mindorensis_FMNH2222010;Bandicota_indica_ABTC119185;Berylmys_bowersi_ABTC116431;Berylmys_mackenziei_ABTC116402;Bunomys_andrewsi_sample1;Bunomys_chrysocomus_JAE4867;Bunomys_torajae_NMVZ21736;Gracilimus_radix_Z08508;Leopoldomys_sabanus_Z25191;Limnomys_sibuanus_FMNH147948;Margaretamys_christinae_TMar1;Margaretamys_parvus_NMVZ21833;Nesokia_indica_ABTC117074;Niviventer_bukit_LSUMZ38136;Niviventer_lepturus_JAE4746;Niviventer_rapit_LSUMZ38196;Rattus_exulans_sample1;Rattus_morotaiensis_ASAM29;Rattus_praetor_sample1;Rattus_xanthurus_LSUMZ39196;rnor6;Saxatilomys_paulinae_ABTC116266;Sundamys_annandalei_YS118;Sundamys_muelleri_JAE1283;Tarsomys_apoensis_KU167148;Tateomys_macrocercus_Z21834;Tateomys_rhinogradoides_Z21785;Waiomys_mamasae_Z20624,internal,_71.0,5.0,52.0,17.0,26.0,0.0,2.0,ENSMUSP00000114074-mafft-cds.filter.csv;ENSMUSP00000099922-mafft-cds.filter.csv
<37>,Anonymomys_mindorensis_FMNH2222010;Bandicota_indica_ABTC119185;Berylmys_bowersi_ABTC116431;Berylmys_mackenziei_ABTC116402;Bunomys_andrewsi_sample1;Bunomys_chrysocomus_JAE4867;Bunomys_torajae_NMVZ21736;Crunomys_celebensis_Z21894;Crunomys_melanius_KU168558;Gracilimus_radix_Z08508;Leopoldomys_sabanus_Z25191;Limnomys_sibuanus_FMNH147948;Margaretamys_christinae_TMar1;Margaretamys_parvus_NMVZ21833;Maxomys_musschenbroekii_sample1;Maxomys_surifer_JAE3632;Nesokia_indica_ABTC117074;Niviventer_bukit_LSUMZ38136;Niviventer_lepturus_JAE4746;Niviventer_rapit_LSUMZ38196;Rattus_exulans_sample1;Rattus_morotaiensis_ASAM29;Rattus_praetor_sample1;Rattus_xanthurus_LSUMZ39196;rnor6;Saxatilomys_paulinae_ABTC116266;Sundamys_annandalei_YS118;Sundamys_muelleri_JAE1283;Tarsomys_apoensis_KU167148;Tateomys_macrocercus_Z21834;Tateomys_rhinogradoides_Z21785;Waiomys_mamasae_Z20624,internal,_78.5,6.0,63.0,11.0,20.0,0.0,1.0,ENSMUSP00000099922-mafft-cds.filter.csv
<38>,Chrotomys_mindorensis_JAE520;Chrotomys_whiteheadi_KU168311,internal,_90.1,57.0,0.0,32.0,0.0,11.0,1.0,ENSMUSP00000114074-mafft-cds.filter.csv
<39>,Archboldomys_luzonensis_EAR1826;Chrotomys_mindorensis_JAE520;Chrotomys_whiteheadi_KU168311,internal,_63.6,38.0,8.0,45.0,1.0,8.0,1.0,ENSMUSP00000114074-mafft-cds.filter.csv
<40>,Apomys_lubangensis_JAE169;Archboldomys_luzonensis_EAR1826;Chrotomys_mindorensis_JAE520;Chrotomys_whiteheadi_KU168311,internal,_75.4,41.0,15.0,34.0,4.0,6.0,0.0,
<41>,Chiruromys_vates_ABTC43096;Pogonomys_macrourus_ABTC43144,internal,_22.1,42.0,0.0,50.0,0.0,8.0,1.0,ENSMUSP00000099922-mafft-cds.filter.csv
<42>,Hydromys_chrysogaster_Z5248;Hydromys_sp-nov_YS391,internal,_47.7,18.0,0.0,69.0,0.0,13.0,0.0,
<43>,Hydromys_chrysogaster_Z5248;Hydromys_sp-nov_YS391;Parahydromys_asper_ABTC45798,internal,_70.7,20.0,25.0,46.0,3.0,6.0,2.0,ENSMUSP00000114074-mafft-cds.filter.csv;ENSMUSP00000099922-mafft-cds.filter.csv
<44>,Crossomys_moncktoni_ABTC46614;Hydromys_chrysogaster_Z5248;Hydromys_sp-nov_YS391;Parahydromys_asper_ABTC45798,internal,_70.2,22.0,44.0,23.0,8.0,3.0,2.0,ENSMUSP00000114074-mafft-cds.filter.csv;ENSMUSP00000099922-mafft-cds.filter.csv
<45>,Microhydromys_richardsoni_ANWCM35851;Pseudohydromys_pumehanae_ABTC43920,internal,_58.8,39.0,0.0,52.0,0.0,9.0,0.0,
<46>,Microhydromys_richardsoni_ANWCM35851;Pseudohydromys_pumehanae_ABTC43920;Xeromys_myoides_ABTC30709,internal,_37.4,40.0,10.0,41.0,5.0,4.0,1.0,ENSMUSP00000114074-mafft-cds.filter.csv
<47>,Crossomys_moncktoni_ABTC46614;Hydromys_chrysogaster_Z5248;Hydromys_sp-nov_YS391;Microhydromys_richardsoni_ANWCM35851;Parahydromys_asper_ABTC45798;Pseudohydromys_pumehanae_ABTC43920;Xeromys_myoides_ABTC30709,internal,_70.6,18.0,49.0,18.0,12.0,3.0,2.0,ENSMUSP00000114074-mafft-cds.filter.csv;ENSMUSP00000099922-mafft-cds.filter.csv
<48>,Uromys_caudimaculatus_DT10Uc01;Uromys_sp-nov_YS380,internal,_82.4,52.0,0.0,36.0,0.0,12.0,2.0,ENSMUSP00000114074-mafft-cds.filter.csv;ENSMUSP00000099922-mafft-cds.filter.csv
<49>,Mesembriomys_gouldii_ABTC7449;Mesembriomys_macrurus_ABTC7337,internal,_68.1,38.0,0.0,48.0,0.0,14.0,0.0,
<50>,Conilurus_penicillatus_M14056;Mesembriomys_gouldii_ABTC7449;Mesembriomys_macrurus_ABTC7337,internal,_44.2,31.0,10.0,48.0,2.0,9.0,1.0,ENSMUSP00000114074-mafft-cds.filter.csv
<51>,Conilurus_penicillatus_M14056;Leporillus_apicalis_C90;Mesembriomys_gouldii_ABTC7449;Mesembriomys_macrurus_ABTC7337,internal,_52.2,8.0,5.0,75.0,3.0,9.0,0.0,
<52>,Conilurus_penicillatus_M14056;Leporillus_apicalis_C90;Mesembriomys_gouldii_ABTC7449;Mesembriomys_macrurus_ABTC7337;Uromys_caudimaculatus_DT10Uc01;Uromys_sp-nov_YS380,internal,_30.9,4.0,20.0,66.0,4.0,6.0,0.0,
<53>,Zyzomys_argurus_ABTC61630;Zyzomys_palatalis_ABTC30744,internal,_51.3,32.0,0.0,59.0,0.0,9.0,0.0,
<54>,Zyzomys_argurus_ABTC61630;Zyzomys_maini_ABTC07900;Zyzomys_palatalis_ABTC30744,internal,_47.1,33.0,12.0,44.0,5.0,6.0,0.0,
<55>,Zyzomys_argurus_ABTC61630;Zyzomys_maini_ABTC07900;Zyzomys_palatalis_ABTC30744;Zyzomys_woodwardi_WAMM21724,internal,_64.6,33.0,10.0,43.0,8.0,6.0,0.0,
<56>,Pseudomys_johnsoni_ABTC08053;Pseudomys_patrius_JM10865,internal,_45.3,32.0,0.0,61.0,0.0,7.0,0.0,
<57>,Pseudomys_calabyi_U4324;Pseudomys_johnsoni_ABTC08053;Pseudomys_patrius_JM10865,internal,_65.6,44.0,8.0,36.0,5.0,7.0,0.0,
<58>,Pseudomys_delicatulus_U1509;Pseudomys_novaehollandiae_ABTC08140,internal,_38.3,31.0,0.0,60.0,0.0,9.0,1.0,ENSMUSP00000099922-mafft-cds.filter.csv
<59>,Pseudomys_delicatulus_U1509;Pseudomys_hermannsburgensis_ABTC08067;Pseudomys_novaehollandiae_ABTC08140,internal,_50.6,44.0,6.0,38.0,6.0,6.0,1.0,ENSMUSP00000099922-mafft-cds.filter.csv
<60>,Pseudomys_australis_M25541;Pseudomys_delicatulus_U1509;Pseudomys_hermannsburgensis_ABTC08067;Pseudomys_novaehollandiae_ABTC08140,internal,_19.7,33.0,9.0,47.0,7.0,4.0,1.0,ENSMUSP00000099922-mafft-cds.filter.csv
<61>,Pseudomys_australis_M25541;Pseudomys_delicatulus_U1509;Pseudomys_hermannsburgensis_ABTC08067;Pseudomys_novaehollandiae_ABTC08140;Pseudomys_occidentalis_ABTC08043,internal,_24.7,14.0,5.0,68.0,9.0,4.0,0.0,
<62>,Pseudomys_australis_M25541;Pseudomys_calabyi_U4324;Pseudomys_delicatulus_U1509;Pseudomys_hermannsburgensis_ABTC08067;Pseudomys_johnsoni_ABTC08053;Pseudomys_novaehollandiae_ABTC08140;Pseudomys_occidentalis_ABTC08043;Pseudomys_patrius_JM10865,internal,_45.2,22.0,23.0,35.0,17.0,3.0,2.0,ENSMUSP00000114074-mafft-cds.filter.csv;ENSMUSP00000099922-mafft-cds.filter.csv
<63>,Pseudomys_australis_M25541;Pseudomys_calabyi_U4324;Pseudomys_delicatulus_U1509;Pseudomys_hermannsburgensis_ABTC08067;Pseudomys_johnsoni_ABTC08053;Pseudomys_novaehollandiae_ABTC08140;Pseudomys_occidentalis_ABTC08043;Pseudomys_patrius_JM10865;Zyzomys_argurus_ABTC61630;Zyzomys_maini_ABTC07900;Zyzomys_palatalis_ABTC30744;Zyzomys_woodwardi_WAMM21724,internal,_31.9,12.0,17.0,47.0,21.0,3.0,0.0,
<64>,Conilurus_penicillatus_M14056;Leporillus_apicalis_C90;Mesembriomys_gouldii_ABTC7449;Mesembriomys_macrurus_ABTC7337;Pseudomys_australis_M25541;Pseudomys_calabyi_U4324;Pseudomys_delicatulus_U1509;Pseudomys_hermannsburgensis_ABTC08067;Pseudomys_johnsoni_ABTC08053;Pseudomys_novaehollandiae_ABTC08140;Pseudomys_occidentalis_ABTC08043;Pseudomys_patrius_JM10865;Uromys_caudimaculatus_DT10Uc01;Uromys_sp-nov_YS380;Zyzomys_argurus_ABTC61630;Zyzomys_maini_ABTC07900;Zyzomys_palatalis_ABTC30744;Zyzomys_woodwardi_WAMM21724,internal,_52.2,3.0,42.0,25.0,28.0,2.0,2.0,ENSMUSP00000114074-mafft-cds.filter.csv;ENSMUSP00000099922-mafft-cds.filter.csv
<65>,Conilurus_penicillatus_M14056;Crossomys_moncktoni_ABTC46614;Hydromys_chrysogaster_Z5248;Hydromys_sp-nov_YS391;Leporillus_apicalis_C90;Mesembriomys_gouldii_ABTC7449;Mesembriomys_macrurus_ABTC7337;Microhydromys_richardsoni_ANWCM35851;Parahydromys_asper_ABTC45798;Pseudohydromys_pumehanae_ABTC43920;Pseudomys_australis_M25541;Pseudomys_calabyi_U4324;Pseudomys_delicatulus_U1509;Pseudomys_hermannsburgensis_ABTC08067;Pseudomys_johnsoni_ABTC08053;Pseudomys_novaehollandiae_ABTC08140;Pseudomys_occidentalis_ABTC08043;Pseudomys_patrius_JM10865;Uromys_caudimaculatus_DT10Uc01;Uromys_sp-nov_YS380;Xeromys_myoides_ABTC30709;Zyzomys_argurus_ABTC61630;Zyzomys_maini_ABTC07900;Zyzomys_palatalis_ABTC30744;Zyzomys_woodwardi_WAMM21724,internal,_61.5,1.0,59.0,18.0,20.0,2.0,2.0,ENSMUSP00000114074-mafft-cds.filter.csv;ENSMUSP00000099922-mafft-cds.filter.csv
<66>,Coccymys_ruemmleri_ABTC49489;Conilurus_penicillatus_M14056;Crossomys_moncktoni_ABTC46614;Hydromys_chrysogaster_Z5248;Hydromys_sp-nov_YS391;Leporillus_apicalis_C90;Mesembriomys_gouldii_ABTC7449;Mesembriomys_macrurus_ABTC7337;Microhydromys_richardsoni_ANWCM35851;Parahydromys_asper_ABTC45798;Pseudohydromys_pumehanae_ABTC43920;Pseudomys_australis_M25541;Pseudomys_calabyi_U4324;Pseudomys_delicatulus_U1509;Pseudomys_hermannsburgensis_ABTC08067;Pseudomys_johnsoni_ABTC08053;Pseudomys_novaehollandiae_ABTC08140;Pseudomys_occidentalis_ABTC08043;Pseudomys_patrius_JM10865;Uromys_caudimaculatus_DT10Uc01;Uromys_sp-nov_YS380;Xeromys_myoides_ABTC30709;Zyzomys_argurus_ABTC61630;Zyzomys_maini_ABTC07900;Zyzomys_palatalis_ABTC30744;Zyzomys_woodwardi_WAMM21724,internal,_28.1,1.0,28.0,50.0,19.0,2.0,2.0,ENSMUSP00000114074-mafft-cds.filter.csv;ENSMUSP00000099922-mafft-cds.filter.csv
<67>,Chiruromys_vates_ABTC43096;Coccymys_ruemmleri_ABTC49489;Conilurus_penicillatus_M14056;Crossomys_moncktoni_ABTC46614;Hydromys_chrysogaster_Z5248;Hydromys_sp-nov_YS391;Leporillus_apicalis_C90;Mesembriomys_gouldii_ABTC7449;Mesembriomys_macrurus_ABTC7337;Microhydromys_richardsoni_ANWCM35851;Parahydromys_asper_ABTC45798;Pogonomys_macrourus_ABTC43144;Pseudohydromys_pumehanae_ABTC43920;Pseudomys_australis_M25541;Pseudomys_calabyi_U4324;Pseudomys_delicatulus_U1509;Pseudomys_hermannsburgensis_ABTC08067;Pseudomys_johnsoni_ABTC08053;Pseudomys_novaehollandiae_ABTC08140;Pseudomys_occidentalis_ABTC08043;Pseudomys_patrius_JM10865;Uromys_caudimaculatus_DT10Uc01;Uromys_sp-nov_YS380;Xeromys_myoides_ABTC30709;Zyzomys_argurus_ABTC61630;Zyzomys_maini_ABTC07900;Zyzomys_palatalis_ABTC30744;Zyzomys_woodwardi_WAMM21724,internal,_32.7,0.0,30.0,44.0,25.0,1.0,1.0,ENSMUSP00000099922-mafft-cds.filter.csv
<68>,Apomys_lubangensis_JAE169;Archboldomys_luzonensis_EAR1826;Chiruromys_vates_ABTC43096;Chrotomys_mindorensis_JAE520;Chrotomys_whiteheadi_KU168311;Coccymys_ruemmleri_ABTC49489;Conilurus_penicillatus_M14056;Crossomys_moncktoni_ABTC46614;Hydromys_chrysogaster_Z5248;Hydromys_sp-nov_YS391;Leporillus_apicalis_C90;Mesembriomys_gouldii_ABTC7449;Mesembriomys_macrurus_ABTC7337;Microhydromys_richardsoni_ANWCM35851;Parahydromys_asper_ABTC45798;Pogonomys_macrourus_ABTC43144;Pseudohydromys_pumehanae_ABTC43920;Pseudomys_australis_M25541;Pseudomys_calabyi_U4324;Pseudomys_delicatulus_U1509;Pseudomys_hermannsburgensis_ABTC08067;Pseudomys_johnsoni_ABTC08053;Pseudomys_novaehollandiae_ABTC08140;Pseudomys_occidentalis_ABTC08043;Pseudomys_patrius_JM10865;Uromys_caudimaculatus_DT10Uc01;Uromys_sp-nov_YS380;Xeromys_myoides_ABTC30709;Zyzomys_argurus_ABTC61630;Zyzomys_maini_ABTC07900;Zyzomys_palatalis_ABTC30744;Zyzomys_woodwardi_WAMM21724,internal,_46.0,0.0,46.0,28.0,25.0,1.0,1.0,ENSMUSP00000114074-mafft-cds.filter.csv
<69>,Apomys_lubangensis_JAE169;Archboldomys_luzonensis_EAR1826;Chiruromys_vates_ABTC43096;Chrotomys_mindorensis_JAE520;Chrotomys_whiteheadi_KU168311;Coccymys_ruemmleri_ABTC49489;Conilurus_penicillatus_M14056;Crossomys_moncktoni_ABTC46614;Haeromys_minahassae_JAE4996;Hydromys_chrysogaster_Z5248;Hydromys_sp-nov_YS391;Leporillus_apicalis_C90;Mesembriomys_gouldii_ABTC7449;Mesembriomys_macrurus_ABTC7337;Microhydromys_richardsoni_ANWCM35851;Parahydromys_asper_ABTC45798;Pogonomys_macrourus_ABTC43144;Pseudohydromys_pumehanae_ABTC43920;Pseudomys_australis_M25541;Pseudomys_calabyi_U4324;Pseudomys_delicatulus_U1509;Pseudomys_hermannsburgensis_ABTC08067;Pseudomys_johnsoni_ABTC08053;Pseudomys_novaehollandiae_ABTC08140;Pseudomys_occidentalis_ABTC08043;Pseudomys_patrius_JM10865;Uromys_caudimaculatus_DT10Uc01;Uromys_sp-nov_YS380;Xeromys_myoides_ABTC30709;Zyzomys_argurus_ABTC61630;Zyzomys_maini_ABTC07900;Zyzomys_palatalis_ABTC30744;Zyzomys_woodwardi_WAMM21724,internal,_60.7,0.0,42.0,36.0,21.0,1.0,0.0,
<70>,Apomys_lubangensis_JAE169;Archboldomys_luzonensis_EAR1826;Chiropodomys_gliroides_Z25153;Chiruromys_vates_ABTC43096;Chrotomys_mindorensis_JAE520;Chrotomys_whiteheadi_KU168311;Coccymys_ruemmleri_ABTC49489;Conilurus_penicillatus_M14056;Crossomys_moncktoni_ABTC46614;Haeromys_minahassae_JAE4996;Hydromys_chrysogaster_Z5248;Hydromys_sp-nov_YS391;Leporillus_apicalis_C90;Mesembriomys_gouldii_ABTC7449;Mesembriomys_macrurus_ABTC7337;Microhydromys_richardsoni_ANWCM35851;Parahydromys_asper_ABTC45798;Pogonomys_macrourus_ABTC43144;Pseudohydromys_pumehanae_ABTC43920;Pseudomys_australis_M25541;Pseudomys_calabyi_U4324;Pseudomys_delicatulus_U1509;Pseudomys_hermannsburgensis_ABTC08067;Pseudomys_johnsoni_ABTC08053;Pseudomys_novaehollandiae_ABTC08140;Pseudomys_occidentalis_ABTC08043;Pseudomys_patrius_JM10865;Uromys_caudimaculatus_DT10Uc01;Uromys_sp-nov_YS380;Xeromys_myoides_ABTC30709;Zyzomys_argurus_ABTC61630;Zyzomys_maini_ABTC07900;Zyzomys_palatalis_ABTC30744;Zyzomys_woodwardi_WAMM21724,internal,_63.7,1.0,39.0,41.0,19.0,0.0,0.0,
<71>,Otomys_denti_LSUMZ37840;Otomys_tropicalis_LSUMZ37841,internal,_92.0,74.0,0.0,19.0,0.0,7.0,2.0,ENSMUSP00000114074-mafft-cds.filter.csv;ENSMUSP00000099922-mafft-cds.filter.csv
<72>,Dasymys_incomtus_LSUMZ37702;Dasymys_montanus_FMNH144389,internal,_93.8,56.0,0.0,33.0,0.0,11.0,0.0,
<73>,Pelomys_isseli_FMNH137886;Pelomys_minor_FMNH219213,internal,_73.6,61.0,0.0,37.0,0.0,2.0,1.0,ENSMUSP00000099922-mafft-cds.filter.csv
<74>,Mylomys_dybowskii_MNHN1997072;Pelomys_isseli_FMNH137886;Pelomys_minor_FMNH219213,internal,_65.4,42.0,6.0,47.0,4.0,1.0,0.0,
<75>,Arvicanthus_neumanni_FMNH158037;Arvicanthus_niloticus_MNHN1999201,internal,_83.3,40.0,0.0,48.0,0.0,12.0,0.0,
<76>,Arvicanthus_neumanni_FMNH158037;Arvicanthus_niloticus_MNHN1999201;Lemniscomys_striatus_TCD4711,internal,_69.4,37.0,12.0,37.0,6.0,8.0,0.0,
<77>,Arvicanthus_neumanni_FMNH158037;Arvicanthus_niloticus_MNHN1999201;Lemniscomys_striatus_TCD4711;Mylomys_dybowskii_MNHN1997072;Pelomys_isseli_FMNH137886;Pelomys_minor_FMNH219213,internal,_45.6,16.0,26.0,42.0,15.0,1.0,2.0,ENSMUSP00000114074-mafft-cds.filter.csv;ENSMUSP00000099922-mafft-cds.filter.csv
<78>,Arvicanthus_neumanni_FMNH158037;Arvicanthus_niloticus_MNHN1999201;Lemniscomys_striatus_TCD4711;Mylomys_dybowskii_MNHN1997072;Pelomys_isseli_FMNH137886;Pelomys_minor_FMNH219213;Rhabdomys_pumilio_MNHN1995065,internal,_73.6,24.0,25.0,36.0,14.0,1.0,1.0,ENSMUSP00000114074-mafft-cds.filter.csv
<79>,Arvicanthus_neumanni_FMNH158037;Arvicanthus_niloticus_MNHN1999201;Dasymys_incomtus_LSUMZ37702;Dasymys_montanus_FMNH144389;Lemniscomys_striatus_TCD4711;Mylomys_dybowskii_MNHN1997072;Pelomys_isseli_FMNH137886;Pelomys_minor_FMNH219213;Rhabdomys_pumilio_MNHN1995065,internal,_30.9,12.0,33.0,39.0,15.0,1.0,2.0,ENSMUSP00000114074-mafft-cds.filter.csv;ENSMUSP00000099922-mafft-cds.filter.csv
<80>,Arvicanthus_neumanni_FMNH158037;Arvicanthus_niloticus_MNHN1999201;Dasymys_incomtus_LSUMZ37702;Dasymys_montanus_FMNH144389;Lemniscomys_striatus_TCD4711;Mylomys_dybowskii_MNHN1997072;Oenomys_hypoxanthus_LSUMZ37838;Pelomys_isseli_FMNH137886;Pelomys_minor_FMNH219213;Rhabdomys_pumilio_MNHN1995065,internal,_58.6,16.0,38.0,29.0,16.0,1.0,2.0,ENSMUSP00000114074-mafft-cds.filter.csv;ENSMUSP00000099922-mafft-cds.filter.csv
<81>,Arvicanthus_neumanni_FMNH158037;Arvicanthus_niloticus_MNHN1999201;Dasymys_incomtus_LSUMZ37702;Dasymys_montanus_FMNH144389;Lemniscomys_striatus_TCD4711;Mylomys_dybowskii_MNHN1997072;Oenomys_hypoxanthus_LSUMZ37838;Otomys_denti_LSUMZ37840;Otomys_tropicalis_LSUMZ37841;Pelomys_isseli_FMNH137886;Pelomys_minor_FMNH219213;Rhabdomys_pumilio_MNHN1995065,internal,_61.7,14.0,42.0,27.0,16.0,1.0,2.0,ENSMUSP00000114074-mafft-cds.filter.csv;ENSMUSP00000099922-mafft-cds.filter.csv
<82>,Arvicanthus_neumanni_FMNH158037;Arvicanthus_niloticus_MNHN1999201;Dasymys_incomtus_LSUMZ37702;Dasymys_montanus_FMNH144389;Lemniscomys_striatus_TCD4711;Mylomys_dybowskii_MNHN1997072;Oenomys_hypoxanthus_LSUMZ37838;Otomys_denti_LSUMZ37840;Otomys_tropicalis_LSUMZ37841;Pelomys_isseli_FMNH137886;Pelomys_minor_FMNH219213;Pithecheir_melanurus_LSUMZ38198;Rhabdomys_pumilio_MNHN1995065,internal,_53.9,14.0,40.0,29.0,16.0,1.0,2.0,ENSMUSP00000114074-mafft-cds.filter.csv;ENSMUSP00000099922-mafft-cds.filter.csv
<83>,Arvicanthus_neumanni_FMNH158037;Arvicanthus_niloticus_MNHN1999201;Dasymys_incomtus_LSUMZ37702;Dasymys_montanus_FMNH144389;Lemniscomys_striatus_TCD4711;Mylomys_dybowskii_MNHN1997072;Oenomys_hypoxanthus_LSUMZ37838;Otomys_denti_LSUMZ37840;Otomys_tropicalis_LSUMZ37841;Pelomys_isseli_FMNH137886;Pelomys_minor_FMNH219213;Pithecheir_melanurus_LSUMZ38198;Rhabdomys_pumilio_MNHN1995065;Vandeleuria_oleracea_ABTC116404,internal,_31.6,4.0,10.0,68.0,17.0,1.0,0.0,
<84>,Praomys_degraaffi_TCD4312;Praomys_jacksoni_REC31,internal,_80.3,44.0,0.0,42.0,0.0,14.0,0.0,
<85>,Colomys_goslingi_TCD4175;Zelotomys_woosnami_TTU-M115260,internal,_68.9,40.0,0.0,50.0,0.0,10.0,0.0,
<86>,Colomys_goslingi_TCD4175;Myomyscus_verreauxii_MNHN1999102;Zelotomys_woosnami_TTU-M115260,internal,_62.4,38.0,13.0,36.0,6.0,7.0,2.0,ENSMUSP00000114074-mafft-cds.filter.csv;ENSMUSP00000099922-mafft-cds.filter.csv
<87>,Colomys_goslingi_TCD4175;Myomyscus_verreauxii_MNHN1999102;Praomys_degraaffi_TCD4312;Praomys_jacksoni_REC31;Zelotomys_woosnami_TTU-M115260,internal,_53.3,19.0,26.0,42.0,9.0,4.0,2.0,ENSMUSP00000114074-mafft-cds.filter.csv;ENSMUSP00000099922-mafft-cds.filter.csv
<88>,Hylomyscus_stella_LSUMZ37742;Hylomyscus_vulcanorum_TCD4382,internal,_75.9,54.0,0.0,42.0,0.0,4.0,0.0,
<89>,Heimyscus_fumosus_FMNH167810;Hylomyscus_stella_LSUMZ37742;Hylomyscus_vulcanorum_TCD4382,internal,_68.8,44.0,12.0,39.0,2.0,3.0,1.0,ENSMUSP00000114074-mafft-cds.filter.csv
<90>,Colomys_goslingi_TCD4175;Heimyscus_fumosus_FMNH167810;Hylomyscus_stella_LSUMZ37742;Hylomyscus_vulcanorum_TCD4382;Myomyscus_verreauxii_MNHN1999102;Praomys_degraaffi_TCD4312;Praomys_jacksoni_REC31;Zelotomys_woosnami_TTU-M115260,internal,_86.0,27.0,44.0,13.0,15.0,1.0,2.0,ENSMUSP00000114074-mafft-cds.filter.csv;ENSMUSP00000099922-mafft-cds.filter.csv
<91>,Mus_cervicolor_10460X10;Mus_cookii_10460X3,internal,_61.7,47.0,0.0,49.0,0.0,4.0,2.0,ENSMUSP00000114074-mafft-cds.filter.csv;ENSMUSP00000099922-mafft-cds.filter.csv
<92>,Mus_caroli_10460X9;Mus_cervicolor_10460X10;Mus_cookii_10460X3,internal,_58.4,28.0,3.0,66.0,2.0,1.0,0.0,
<93>,Mus_macedonicus_10460X12;Mus_spicilegus_10460X11,internal,_62.5,32.0,0.0,54.0,0.0,14.0,1.0,ENSMUSP00000099922-mafft-cds.filter.csv
<94>,Mus_musculus-musculus_10460X14;Mus_musculus-reference_10460X5,internal,_49.7,16.0,0.0,72.0,0.0,12.0,0.0,
<95>,Mus_musculus-castaneus_10460X7;Mus_musculus-musculus_10460X14;Mus_musculus-reference_10460X5,internal,_49.2,22.0,5.0,64.0,1.0,8.0,1.0,ENSMUSP00000114074-mafft-cds.filter.csv
<96>,mm10;Mus_musculus-domesticus_10460X15,internal,NA,44.0,0.0,56.0,0.0,0.0,1.0,ENSMUSP00000114074-mafft-cds.filter.csv
<97>,mm10;Mus_musculus-castaneus_10460X7;Mus_musculus-domesticus_10460X15;Mus_musculus-musculus_10460X14;Mus_musculus-reference_10460X5,internal,_60.9,29.0,21.0,41.0,9.0,0.0,2.0,ENSMUSP00000114074-mafft-cds.filter.csv;ENSMUSP00000099922-mafft-cds.filter.csv
<98>,mm10;Mus_macedonicus_10460X12;Mus_musculus-castaneus_10460X7;Mus_musculus-domesticus_10460X15;Mus_musculus-musculus_10460X14;Mus_musculus-reference_10460X5;Mus_spicilegus_10460X11,internal,_60.4,27.0,37.0,29.0,7.0,0.0,1.0,ENSMUSP00000114074-mafft-cds.filter.csv
<99>,mm10;Mus_caroli_10460X9;Mus_cervicolor_10460X10;Mus_cookii_10460X3;Mus_macedonicus_10460X12;Mus_musculus-castaneus_10460X7;Mus_musculus-domesticus_10460X15;Mus_musculus-musculus_10460X14;Mus_musculus-reference_10460X5;Mus_spicilegus_10460X11,internal,_77.3,24.0,50.0,13.0,13.0,0.0,2.0,ENSMUSP00000114074-mafft-cds.filter.csv;ENSMUSP00000099922-mafft-cds.filter.csv
<100>,mm10;Mus_caroli_10460X9;Mus_cervicolor_10460X10;Mus_cookii_10460X3;Mus_macedonicus_10460X12;Mus_musculus-castaneus_10460X7;Mus_musculus-domesticus_10460X15;Mus_musculus-musculus_10460X14;Mus_musculus-reference_10460X5;Mus_platythrix_10460X13;Mus_spicilegus_10460X11,internal,_78.8,17.0,20.0,52.0,11.0,0.0,0.0,
<101>,mm10;Mus_caroli_10460X9;Mus_cervicolor_10460X10;Mus_cookii_10460X3;Mus_macedonicus_10460X12;Mus_musculus-castaneus_10460X7;Mus_musculus-domesticus_10460X15;Mus_musculus-musculus_10460X14;Mus_musculus-reference_10460X5;Mus_pahari_10460X1;Mus_platythrix_10460X13;Mus_spicilegus_10460X11,internal,_37.7,19.0,35.0,36.0,10.0,0.0,1.0,ENSMUSP00000114074-mafft-cds.filter.csv
<102>,Colomys_goslingi_TCD4175;Heimyscus_fumosus_FMNH167810;Hylomyscus_stella_LSUMZ37742;Hylomyscus_vulcanorum_TCD4382;mm10;Mus_caroli_10460X9;Mus_cervicolor_10460X10;Mus_cookii_10460X3;Mus_macedonicus_10460X12;Mus_musculus-castaneus_10460X7;Mus_musculus-domesticus_10460X15;Mus_musculus-musculus_10460X14;Mus_musculus-reference_10460X5;Mus_pahari_10460X1;Mus_platythrix_10460X13;Mus_spicilegus_10460X11;Myomyscus_verreauxii_MNHN1999102;Praomys_degraaffi_TCD4312;Praomys_jacksoni_REC31;Zelotomys_woosnami_TTU-M115260,internal,_84.3,7.0,42.0,35.0,16.0,0.0,2.0,ENSMUSP00000114074-mafft-cds.filter.csv;ENSMUSP00000099922-mafft-cds.filter.csv
<103>,Apodemus_sylvaticus_SMG3823;Colomys_goslingi_TCD4175;Heimyscus_fumosus_FMNH167810;Hylomyscus_stella_LSUMZ37742;Hylomyscus_vulcanorum_TCD4382;mm10;Mus_caroli_10460X9;Mus_cervicolor_10460X10;Mus_cookii_10460X3;Mus_macedonicus_10460X12;Mus_musculus-castaneus_10460X7;Mus_musculus-domesticus_10460X15;Mus_musculus-musculus_10460X14;Mus_musculus-reference_10460X5;Mus_pahari_10460X1;Mus_platythrix_10460X13;Mus_spicilegus_10460X11;Myomyscus_verreauxii_MNHN1999102;Praomys_degraaffi_TCD4312;Praomys_jacksoni_REC31;Zelotomys_woosnami_TTU-M115260,internal,_40.4,5.0,23.0,53.0,19.0,0.0,0.0,
<104>,Apodemus_sylvaticus_SMG3823;Arvicanthus_neumanni_FMNH158037;Arvicanthus_niloticus_MNHN1999201;Colomys_goslingi_TCD4175;Dasymys_incomtus_LSUMZ37702;Dasymys_montanus_FMNH144389;Heimyscus_fumosus_FMNH167810;Hylomyscus_stella_LSUMZ37742;Hylomyscus_vulcanorum_TCD4382;Lemniscomys_striatus_TCD4711;mm10;Mus_caroli_10460X9;Mus_cervicolor_10460X10;Mus_cookii_10460X3;Mus_macedonicus_10460X12;Mus_musculus-castaneus_10460X7;Mus_musculus-domesticus_10460X15;Mus_musculus-musculus_10460X14;Mus_musculus-reference_10460X5;Mus_pahari_10460X1;Mus_platythrix_10460X13;Mus_spicilegus_10460X11;Mylomys_dybowskii_MNHN1997072;Myomyscus_verreauxii_MNHN1999102;Oenomys_hypoxanthus_LSUMZ37838;Otomys_denti_LSUMZ37840;Otomys_tropicalis_LSUMZ37841;Pelomys_isseli_FMNH137886;Pelomys_minor_FMNH219213;Pithecheir_melanurus_LSUMZ38198;Praomys_degraaffi_TCD4312;Praomys_jacksoni_REC31;Rhabdomys_pumilio_MNHN1995065;Vandeleuria_oleracea_ABTC116404;Zelotomys_woosnami_TTU-M115260,internal,_40.4,3.0,19.0,48.0,30.0,0.0,2.0,ENSMUSP00000114074-mafft-cds.filter.csv;ENSMUSP00000099922-mafft-cds.filter.csv
<105>,Apodemus_sylvaticus_SMG3823;Apomys_lubangensis_JAE169;Archboldomys_luzonensis_EAR1826;Arvicanthus_neumanni_FMNH158037;Arvicanthus_niloticus_MNHN1999201;Chiropodomys_gliroides_Z25153;Chiruromys_vates_ABTC43096;Chrotomys_mindorensis_JAE520;Chrotomys_whiteheadi_KU168311;Coccymys_ruemmleri_ABTC49489;Colomys_goslingi_TCD4175;Conilurus_penicillatus_M14056;Crossomys_moncktoni_ABTC46614;Dasymys_incomtus_LSUMZ37702;Dasymys_montanus_FMNH144389;Haeromys_minahassae_JAE4996;Heimyscus_fumosus_FMNH167810;Hydromys_chrysogaster_Z5248;Hydromys_sp-nov_YS391;Hylomyscus_stella_LSUMZ37742;Hylomyscus_vulcanorum_TCD4382;Lemniscomys_striatus_TCD4711;Leporillus_apicalis_C90;Mesembriomys_gouldii_ABTC7449;Mesembriomys_macrurus_ABTC7337;Microhydromys_richardsoni_ANWCM35851;mm10;Mus_caroli_10460X9;Mus_cervicolor_10460X10;Mus_cookii_10460X3;Mus_macedonicus_10460X12;Mus_musculus-castaneus_10460X7;Mus_musculus-domesticus_10460X15;Mus_musculus-musculus_10460X14;Mus_musculus-reference_10460X5;Mus_pahari_10460X1;Mus_platythrix_10460X13;Mus_spicilegus_10460X11;Mylomys_dybowskii_MNHN1997072;Myomyscus_verreauxii_MNHN1999102;Oenomys_hypoxanthus_LSUMZ37838;Otomys_denti_LSUMZ37840;Otomys_tropicalis_LSUMZ37841;Parahydromys_asper_ABTC45798;Pelomys_isseli_FMNH137886;Pelomys_minor_FMNH219213;Pithecheir_melanurus_LSUMZ38198;Pogonomys_macrourus_ABTC43144;Praomys_degraaffi_TCD4312;Praomys_jacksoni_REC31;Pseudohydromys_pumehanae_ABTC43920;Pseudomys_australis_M25541;Pseudomys_calabyi_U4324;Pseudomys_delicatulus_U1509;Pseudomys_hermannsburgensis_ABTC08067;Pseudomys_johnsoni_ABTC08053;Pseudomys_novaehollandiae_ABTC08140;Pseudomys_occidentalis_ABTC08043;Pseudomys_patrius_JM10865;Rhabdomys_pumilio_MNHN1995065;Uromys_caudimaculatus_DT10Uc01;Uromys_sp-nov_YS380;Vandeleuria_oleracea_ABTC116404;Xeromys_myoides_ABTC30709;Zelotomys_woosnami_TTU-M115260;Zyzomys_argurus_ABTC61630;Zyzomys_maini_ABTC07900;Zyzomys_palatalis_ABTC30744;Zyzomys_woodwardi_WAMM21724,internal,_20.9,0.0,34.0,28.0,38.0,0.0,1.0,ENSMUSP00000114074-mafft-cds.filter.csv
<106>,Anonymomys_mindorensis_FMNH2222010;Apodemus_sylvaticus_SMG3823;Apomys_lubangensis_JAE169;Archboldomys_luzonensis_EAR1826;Arvicanthus_neumanni_FMNH158037;Arvicanthus_niloticus_MNHN1999201;Bandicota_indica_ABTC119185;Berylmys_bowersi_ABTC116431;Berylmys_mackenziei_ABTC116402;Bunomys_andrewsi_sample1;Bunomys_chrysocomus_JAE4867;Bunomys_torajae_NMVZ21736;Chiropodomys_gliroides_Z25153;Chiruromys_vates_ABTC43096;Chrotomys_mindorensis_JAE520;Chrotomys_whiteheadi_KU168311;Coccymys_ruemmleri_ABTC49489;Colomys_goslingi_TCD4175;Conilurus_penicillatus_M14056;Crossomys_moncktoni_ABTC46614;Crunomys_celebensis_Z21894;Crunomys_melanius_KU168558;Dasymys_incomtus_LSUMZ37702;Dasymys_montanus_FMNH144389;Gracilimus_radix_Z08508;Haeromys_minahassae_JAE4996;Heimyscus_fumosus_FMNH167810;Hydromys_chrysogaster_Z5248;Hydromys_sp-nov_YS391;Hylomyscus_stella_LSUMZ37742;Hylomyscus_vulcanorum_TCD4382;Lemniscomys_striatus_TCD4711;Leopoldomys_sabanus_Z25191;Leporillus_apicalis_C90;Limnomys_sibuanus_FMNH147948;Margaretamys_christinae_TMar1;Margaretamys_parvus_NMVZ21833;Maxomys_musschenbroekii_sample1;Maxomys_surifer_JAE3632;Mesembriomys_gouldii_ABTC7449;Mesembriomys_macrurus_ABTC7337;Microhydromys_richardsoni_ANWCM35851;mm10;Mus_caroli_10460X9;Mus_cervicolor_10460X10;Mus_cookii_10460X3;Mus_macedonicus_10460X12;Mus_musculus-castaneus_10460X7;Mus_musculus-domesticus_10460X15;Mus_musculus-musculus_10460X14;Mus_musculus-reference_10460X5;Mus_pahari_10460X1;Mus_platythrix_10460X13;Mus_spicilegus_10460X11;Mylomys_dybowskii_MNHN1997072;Myomyscus_verreauxii_MNHN1999102;Nesokia_indica_ABTC117074;Niviventer_bukit_LSUMZ38136;Niviventer_lepturus_JAE4746;Niviventer_rapit_LSUMZ38196;Oenomys_hypoxanthus_LSUMZ37838;Otomys_denti_LSUMZ37840;Otomys_tropicalis_LSUMZ37841;Parahydromys_asper_ABTC45798;Pelomys_isseli_FMNH137886;Pelomys_minor_FMNH219213;Pithecheir_melanurus_LSUMZ38198;Pogonomys_macrourus_ABTC43144;Praomys_degraaffi_TCD4312;Praomys_jacksoni_REC31;Pseudohydromys_pumehanae_ABTC43920;Pseudomys_australis_M25541;Pseudomys_calabyi_U4324;Pseudomys_delicatulus_U1509;Pseudomys_hermannsburgensis_ABTC08067;Pseudomys_johnsoni_ABTC08053;Pseudomys_novaehollandiae_ABTC08140;Pseudomys_occidentalis_ABTC08043;Pseudomys_patrius_JM10865;Rattus_exulans_sample1;Rattus_morotaiensis_ASAM29;Rattus_praetor_sample1;Rattus_xanthurus_LSUMZ39196;Rhabdomys_pumilio_MNHN1995065;rnor6;Saxatilomys_paulinae_ABTC116266;Sundamys_annandalei_YS118;Sundamys_muelleri_JAE1283;Tarsomys_apoensis_KU167148;Tateomys_macrocercus_Z21834;Tateomys_rhinogradoides_Z21785;Uromys_caudimaculatus_DT10Uc01;Uromys_sp-nov_YS380;Vandeleuria_oleracea_ABTC116404;Waiomys_mamasae_Z20624;Xeromys_myoides_ABTC30709;Zelotomys_woosnami_TTU-M115260;Zyzomys_argurus_ABTC61630;Zyzomys_maini_ABTC07900;Zyzomys_palatalis_ABTC30744;Zyzomys_woodwardi_WAMM21724,internal,_38.2,0.0,49.0,35.0,16.0,0.0,0.0,
<107>,Anonymomys_mindorensis_FMNH2222010;Apodemus_sylvaticus_SMG3823;Apomys_lubangensis_JAE169;Archboldomys_luzonensis_EAR1826;Arvicanthus_neumanni_FMNH158037;Arvicanthus_niloticus_MNHN1999201;Bandicota_indica_ABTC119185;Batomys_russatus_KU165776;Berylmys_bowersi_ABTC116431;Berylmys_mackenziei_ABTC116402;Bunomys_andrewsi_sample1;Bunomys_chrysocomus_JAE4867;Bunomys_torajae_NMVZ21736;Carpomys_melanurus_FMNH198723;Chiropodomys_gliroides_Z25153;Chiruromys_vates_ABTC43096;Chrotomys_mindorensis_JAE520;Chrotomys_whiteheadi_KU168311;Coccymys_ruemmleri_ABTC49489;Colomys_goslingi_TCD4175;Conilurus_penicillatus_M14056;Crateromys_heaneyi_KU165014;Crossomys_moncktoni_ABTC46614;Crunomys_celebensis_Z21894;Crunomys_melanius_KU168558;Dasymys_incomtus_LSUMZ37702;Dasymys_montanus_FMNH144389;Gracilimus_radix_Z08508;Haeromys_minahassae_JAE4996;Heimyscus_fumosus_FMNH167810;Hydromys_chrysogaster_Z5248;Hydromys_sp-nov_YS391;Hylomyscus_stella_LSUMZ37742;Hylomyscus_vulcanorum_TCD4382;Lemniscomys_striatus_TCD4711;Leopoldomys_sabanus_Z25191;Leporillus_apicalis_C90;Limnomys_sibuanus_FMNH147948;Margaretamys_christinae_TMar1;Margaretamys_parvus_NMVZ21833;Maxomys_musschenbroekii_sample1;Maxomys_surifer_JAE3632;Mesembriomys_gouldii_ABTC7449;Mesembriomys_macrurus_ABTC7337;Microhydromys_richardsoni_ANWCM35851;mm10;Mus_caroli_10460X9;Mus_cervicolor_10460X10;Mus_cookii_10460X3;Mus_macedonicus_10460X12;Mus_musculus-castaneus_10460X7;Mus_musculus-domesticus_10460X15;Mus_musculus-musculus_10460X14;Mus_musculus-reference_10460X5;Mus_pahari_10460X1;Mus_platythrix_10460X13;Mus_spicilegus_10460X11;Musseromys_anacuao_FMNH209523;Mylomys_dybowskii_MNHN1997072;Myomyscus_verreauxii_MNHN1999102;Nesokia_indica_ABTC117074;Niviventer_bukit_LSUMZ38136;Niviventer_lepturus_JAE4746;Niviventer_rapit_LSUMZ38196;Oenomys_hypoxanthus_LSUMZ37838;Otomys_denti_LSUMZ37840;Otomys_tropicalis_LSUMZ37841;Parahydromys_asper_ABTC45798;Pelomys_isseli_FMNH137886;Pelomys_minor_FMNH219213;Phloeomys_cumingi_FMNH198472;Phloeomys_pallidus_JEC43;Pithecheir_melanurus_LSUMZ38198;Pogonomys_macrourus_ABTC43144;Praomys_degraaffi_TCD4312;Praomys_jacksoni_REC31;Pseudohydromys_pumehanae_ABTC43920;Pseudomys_australis_M25541;Pseudomys_calabyi_U4324;Pseudomys_delicatulus_U1509;Pseudomys_hermannsburgensis_ABTC08067;Pseudomys_johnsoni_ABTC08053;Pseudomys_novaehollandiae_ABTC08140;Pseudomys_occidentalis_ABTC08043;Pseudomys_patrius_JM10865;Rattus_exulans_sample1;Rattus_morotaiensis_ASAM29;Rattus_praetor_sample1;Rattus_xanthurus_LSUMZ39196;Rhabdomys_pumilio_MNHN1995065;rnor6;Saxatilomys_paulinae_ABTC116266;Sundamys_annandalei_YS118;Sundamys_muelleri_JAE1283;Tarsomys_apoensis_KU167148;Tateomys_macrocercus_Z21834;Tateomys_rhinogradoides_Z21785;Uromys_caudimaculatus_DT10Uc01;Uromys_sp-nov_YS380;Vandeleuria_oleracea_ABTC116404;Waiomys_mamasae_Z20624;Xeromys_myoides_ABTC30709;Zelotomys_woosnami_TTU-M115260;Zyzomys_argurus_ABTC61630;Zyzomys_maini_ABTC07900;Zyzomys_palatalis_ABTC30744;Zyzomys_woodwardi_WAMM21724,internal,_73.6,0.0,0.0,94.0,6.0,0.0,0.0,
<108>,Anonymomys_mindorensis_FMNH2222010;Apodemus_sylvaticus_SMG3823;Apomys_lubangensis_JAE169;Archboldomys_luzonensis_EAR1826;Arvicanthus_neumanni_FMNH158037;Arvicanthus_niloticus_MNHN1999201;Bandicota_indica_ABTC119185;Batomys_russatus_KU165776;Berylmys_bowersi_ABTC116431;Berylmys_mackenziei_ABTC116402;Bunomys_andrewsi_sample1;Bunomys_chrysocomus_JAE4867;Bunomys_torajae_NMVZ21736;Carpomys_melanurus_FMNH198723;Chiropodomys_gliroides_Z25153;Chiruromys_vates_ABTC43096;Chrotomys_mindorensis_JAE520;Chrotomys_whiteheadi_KU168311;Coccymys_ruemmleri_ABTC49489;Colomys_goslingi_TCD4175;Conilurus_penicillatus_M14056;Crateromys_heaneyi_KU165014;Crossomys_moncktoni_ABTC46614;Crunomys_celebensis_Z21894;Crunomys_melanius_KU168558;Dasymys_incomtus_LSUMZ37702;Dasymys_montanus_FMNH144389;Gracilimus_radix_Z08508;Haeromys_minahassae_JAE4996;Heimyscus_fumosus_FMNH167810;Hydromys_chrysogaster_Z5248;Hydromys_sp-nov_YS391;Hylomyscus_stella_LSUMZ37742;Hylomyscus_vulcanorum_TCD4382;Lemniscomys_striatus_TCD4711;Leopoldomys_sabanus_Z25191;Leporillus_apicalis_C90;Limnomys_sibuanus_FMNH147948;Lophiomys_imhausi_UM5152;Lophuromys_woosnami_LSUMZ37793;Margaretamys_christinae_TMar1;Margaretamys_parvus_NMVZ21833;Maxomys_musschenbroekii_sample1;Maxomys_surifer_JAE3632;Mesembriomys_gouldii_ABTC7449;Mesembriomys_macrurus_ABTC7337;Microhydromys_richardsoni_ANWCM35851;mm10;Mus_caroli_10460X9;Mus_cervicolor_10460X10;Mus_cookii_10460X3;Mus_macedonicus_10460X12;Mus_musculus-castaneus_10460X7;Mus_musculus-domesticus_10460X15;Mus_musculus-musculus_10460X14;Mus_musculus-reference_10460X5;Mus_pahari_10460X1;Mus_platythrix_10460X13;Mus_spicilegus_10460X11;Musseromys_anacuao_FMNH209523;Mylomys_dybowskii_MNHN1997072;Myomyscus_verreauxii_MNHN1999102;Nesokia_indica_ABTC117074;Niviventer_bukit_LSUMZ38136;Niviventer_lepturus_JAE4746;Niviventer_rapit_LSUMZ38196;Oenomys_hypoxanthus_LSUMZ37838;Otomys_denti_LSUMZ37840;Otomys_tropicalis_LSUMZ37841;Parahydromys_asper_ABTC45798;Pelomys_isseli_FMNH137886;Pelomys_minor_FMNH219213;Phloeomys_cumingi_FMNH198472;Phloeomys_pallidus_JEC43;Pithecheir_melanurus_LSUMZ38198;Pogonomys_macrourus_ABTC43144;Praomys_degraaffi_TCD4312;Praomys_jacksoni_REC31;Pseudohydromys_pumehanae_ABTC43920;Pseudomys_australis_M25541;Pseudomys_calabyi_U4324;Pseudomys_delicatulus_U1509;Pseudomys_hermannsburgensis_ABTC08067;Pseudomys_johnsoni_ABTC08053;Pseudomys_novaehollandiae_ABTC08140;Pseudomys_occidentalis_ABTC08043;Pseudomys_patrius_JM10865;Rattus_exulans_sample1;Rattus_morotaiensis_ASAM29;Rattus_praetor_sample1;Rattus_xanthurus_LSUMZ39196;Rhabdomys_pumilio_MNHN1995065;rnor6;Saxatilomys_paulinae_ABTC116266;Sundamys_annandalei_YS118;Sundamys_muelleri_JAE1283;Tarsomys_apoensis_KU167148;Tateomys_macrocercus_Z21834;Tateomys_rhinogradoides_Z21785;Uromys_caudimaculatus_DT10Uc01;Uromys_sp-nov_YS380;Vandeleuria_oleracea_ABTC116404;Waiomys_mamasae_Z20624;Xeromys_myoides_ABTC30709;Zelotomys_woosnami_TTU-M115260;Zyzomys_argurus_ABTC61630;Zyzomys_maini_ABTC07900;Zyzomys_palatalis_ABTC30744;Zyzomys_woodwardi_WAMM21724,root,,0.0,0.0,100.0,0.0,0.0,0.0,
