"node","clade","node.type","branch.length","label","astral","gcf","scf"
1,"Lophiomys_imhausi_UM5152","tip",0.0913526,"Lophiomys_imhausi_UM5152",NA,NA,NA
2,"Lophuromys_woosnami_LSUMZ37793","tip",0.0969014,"Lophuromys_woosnami_LSUMZ37793",NA,NA,NA
3,"Phloeomys_cumingi_FMNH198472","tip",0.00488693,"Phloeomys_cumingi_FMNH198472",NA,NA,NA
4,"Phloeomys_pallidus_JEC43","tip",0.00602685,"Phloeomys_pallidus_JEC43",NA,NA,NA
5,"Carpomys_melanurus_FMNH198723","tip",0.014042,"Carpomys_melanurus_FMNH198723",NA,NA,NA
6,"Musseromys_anacuao_FMNH209523","tip",0.0148519,"Musseromys_anacuao_FMNH209523",NA,NA,NA
7,"Crateromys_heaneyi_KU165014","tip",0.0196026,"Crateromys_heaneyi_KU165014",NA,NA,NA
8,"Batomys_russatus_KU165776","tip",0.0211216,"Batomys_russatus_KU165776",NA,NA,NA
9,"rnor6","tip",0.0115068,"rnor6",NA,NA,NA
10,"Rattus_argentiventer_LSUMZ38199","tip",0.00665828,"Rattus_argentiventer_LSUMZ38199",NA,NA,NA
11,"Rattus_hoffmanni_LSUMZ39187","tip",0.00590301,"Rattus_hoffmanni_LSUMZ39187",NA,NA,NA
12,"Rattus_exulans_sample1","tip",0.0123947,"Rattus_exulans_sample1",NA,NA,NA
13,"Tarsomys_apoensis_KU167148","tip",0.00722373,"Tarsomys_apoensis_KU167148",NA,NA,NA
14,"Limnomys_sibuanus_FMNH147948","tip",0.00710554,"Limnomys_sibuanus_FMNH147948",NA,NA,NA
15,"Rattus_xanthurus_LSUMZ39196","tip",0.0045968,"Rattus_xanthurus_LSUMZ39196",NA,NA,NA
16,"Rattus_villosissimus_sample1","tip",0.00613934,"Rattus_villosissimus_sample1",NA,NA,NA
17,"Rattus_colletti_RAT25","tip",0.00230085,"Rattus_colletti_RAT25",NA,NA,NA
18,"Rattus_tunneyi_RAT130","tip",0.00615136,"Rattus_tunneyi_RAT130",NA,NA,NA
19,"Rattus_lutreolus_sample2","tip",0.00764097,"Rattus_lutreolus_sample2",NA,NA,NA
20,"Rattus_leucopus_sample1","tip",0.00680641,"Rattus_leucopus_sample1",NA,NA,NA
21,"Rattus_praetor_sample1","tip",0.00779691,"Rattus_praetor_sample1",NA,NA,NA
22,"Rattus_morotaiensis_ASAM29","tip",0.00427482,"Rattus_morotaiensis_ASAM29",NA,NA,NA
23,"Kadarsanomys_sodyi_MZB-Sample","tip",0.0142425,"Kadarsanomys_sodyi_MZB-Sample",NA,NA,NA
24,"Nesokia_indica_ABTC117074","tip",0.0073314,"Nesokia_indica_ABTC117074",NA,NA,NA
25,"Bandicota_indica_ABTC119185","tip",0.00728978,"Bandicota_indica_ABTC119185",NA,NA,NA
26,"Genus_sp-nov_NMVZ21816","tip",0.00846182,"Genus_sp-nov_NMVZ21816",NA,NA,NA
27,"Taeromys_celebensis_NMVZ20637","tip",0.0076776,"Taeromys_celebensis_NMVZ20637",NA,NA,NA
28,"Paruromys_dominator_JAE4870","tip",0.00979534,"Paruromys_dominator_JAE4870",NA,NA,NA
29,"Lenomys_meyeri_LSUMZ39079","tip",0.00719693,"Lenomys_meyeri_LSUMZ39079",NA,NA,NA
30,"Eropeplus_canus_NMVZ21733","tip",0.00587545,"Eropeplus_canus_NMVZ21733",NA,NA,NA
31,"Taeromys_hamatus_NMVZ63317","tip",0.00740168,"Taeromys_hamatus_NMVZ63317",NA,NA,NA
32,"Taeromys_taerae_LSUMZ39224","tip",0.00552411,"Taeromys_taerae_LSUMZ39224",NA,NA,NA
33,"Taeromys_punicans_MVZ225815","tip",0.00100139,"Taeromys_punicans_MVZ225815",NA,NA,NA
34,"Taeromys_callitrichus_LSUMZ37153","tip",0.00344109,"Taeromys_callitrichus_LSUMZ37153",NA,NA,NA
35,"Bunomys_torajae_NMVZ21736","tip",0.00622408,"Bunomys_torajae_NMVZ21736",NA,NA,NA
36,"Bunomys_andrewsi_sample1","tip",0.0126005,"Bunomys_andrewsi_sample1",NA,NA,NA
37,"Bunomys_chrysocomus_JAE4867","tip",0.00683093,"Bunomys_chrysocomus_JAE4867",NA,NA,NA
38,"Halmaheramys_bokimekot_33262-WD225","tip",0.00977676,"Halmaheramys_bokimekot_33262-WD225",NA,NA,NA
39,"Bullimus_bagobus_JAE1712","tip",0.014485,"Bullimus_bagobus_JAE1712",NA,NA,NA
40,"Papagomys_armandvillei_WAMM32592","tip",0.0106468,"Papagomys_armandvillei_WAMM32592",NA,NA,NA
41,"Sundamys_annandalei_YS118","tip",0.00782202,"Sundamys_annandalei_YS118",NA,NA,NA
42,"Sundamys_muelleri_JAE1283","tip",0.0107324,"Sundamys_muelleri_JAE1283",NA,NA,NA
43,"Berylmys_bowersi_ABTC116431","tip",0.00173278,"Berylmys_bowersi_ABTC116431",NA,NA,NA
44,"Berylmys_mackenziei_ABTC116402","tip",0.00582014,"Berylmys_mackenziei_ABTC116402",NA,NA,NA
45,"Saxatilomys_paulinae_ABTC116266","tip",0.0211161,"Saxatilomys_paulinae_ABTC116266",NA,NA,NA
46,"Niviventer_lepturus_JAE4746","tip",0.0125972,"Niviventer_lepturus_JAE4746",NA,NA,NA
47,"Niviventer_rapit_LSUMZ38196","tip",0.00245659,"Niviventer_rapit_LSUMZ38196",NA,NA,NA
48,"Niviventer_bukit_LSUMZ38136","tip",0.00174304,"Niviventer_bukit_LSUMZ38136",NA,NA,NA
49,"Anonymomys_mindorensis_FMNH2222010","tip",0.0142505,"Anonymomys_mindorensis_FMNH2222010",NA,NA,NA
50,"Leopoldomys_sabanus_Z25191","tip",0.0172506,"Leopoldomys_sabanus_Z25191",NA,NA,NA
51,"Margaretamys_parvus_NMVZ21833","tip",0.00653036,"Margaretamys_parvus_NMVZ21833",NA,NA,NA
52,"Margaretamys_christinae_TMar1","tip",0.00851704,"Margaretamys_christinae_TMar1",NA,NA,NA
53,"Paucidentomys_vermidax_Z21914","tip",0.0133425,"Paucidentomys_vermidax_Z21914",NA,NA,NA
54,"Echiothrix_centrosa_Z27993","tip",0.0148614,"Echiothrix_centrosa_Z27993",NA,NA,NA
55,"Tateomys_rhinogradoides_Z21785","tip",0.00810942,"Tateomys_rhinogradoides_Z21785",NA,NA,NA
56,"Melasmothrix_naso_Z21808","tip",0.00820755,"Melasmothrix_naso_Z21808",NA,NA,NA
57,"Tateomys_macrocercus_Z21834","tip",0.00968369,"Tateomys_macrocercus_Z21834",NA,NA,NA
58,"Gracilimus_radix_Z08508","tip",0.0090763,"Gracilimus_radix_Z08508",NA,NA,NA
59,"Waiomys_mamasae_Z20624","tip",0.00872866,"Waiomys_mamasae_Z20624",NA,NA,NA
60,"Sommeromys_macrorhinos_Z21740","tip",0.0164374,"Sommeromys_macrorhinos_Z21740",NA,NA,NA
61,"Hyorhinomys_stuempkei_JAE4661","tip",0.0159402,"Hyorhinomys_stuempkei_JAE4661",NA,NA,NA
62,"Maxomys_surifer_JAE3632","tip",0.0202665,"Maxomys_surifer_JAE3632",NA,NA,NA
63,"Maxomys_musschenbroekii_sample1","tip",0.020408,"Maxomys_musschenbroekii_sample1",NA,NA,NA
64,"Crunomys_melanius_KU168558","tip",0.00617075,"Crunomys_melanius_KU168558",NA,NA,NA
65,"Crunomys_celebensis_Z21894","tip",0.00751685,"Crunomys_celebensis_Z21894",NA,NA,NA
66,"Zyzomys_pedunculatus_Z34925","tip",0.00790414,"Zyzomys_pedunculatus_Z34925",NA,NA,NA
67,"Zyzomys_woodwardi_WAMM21724","tip",0.00998445,"Zyzomys_woodwardi_WAMM21724",NA,NA,NA
68,"Zyzomys_palatalis_ABTC30744","tip",0.00653035,"Zyzomys_palatalis_ABTC30744",NA,NA,NA
69,"Zyzomys_argurus_ABTC61630","tip",0.00548362,"Zyzomys_argurus_ABTC61630",NA,NA,NA
70,"Zyzomys_maini_ABTC07900","tip",0.00750918,"Zyzomys_maini_ABTC07900",NA,NA,NA
71,"Pseudomys_oralis_RAT7","tip",0.00855922,"Pseudomys_oralis_RAT7",NA,NA,NA
72,"Pseudomys_shortridgei_Z25113","tip",0.00570225,"Pseudomys_shortridgei_Z25113",NA,NA,NA
73,"Pseudomys_desertor_ABTC41464","tip",0.00373508,"Pseudomys_desertor_ABTC41464",NA,NA,NA
74,"Pseudomys_nanus_U1448","tip",0.00460116,"Pseudomys_nanus_U1448",NA,NA,NA
75,"Pseudomys_gracilicaudatus_ABTC08163","tip",0.00531498,"Pseudomys_gracilicaudatus_ABTC08163",NA,NA,NA
76,"Pseudomys_higginsi_UC1421","tip",0.00744657,"Pseudomys_higginsi_UC1421",NA,NA,NA
77,"Pseudomys_bolami_ABTC107389","tip",0.0053946,"Pseudomys_bolami_ABTC107389",NA,NA,NA
78,"Pseudomys_novaehollandiae_ABTC08140","tip",0.00396835,"Pseudomys_novaehollandiae_ABTC08140",NA,NA,NA
79,"Pseudomys_delicatulus_U1509","tip",0.00516128,"Pseudomys_delicatulus_U1509",NA,NA,NA
80,"Pseudomys_hermannsburgensis_ABTC08067","tip",0.0063221,"Pseudomys_hermannsburgensis_ABTC08067",NA,NA,NA
81,"Mastacomys_fuscus_M13957","tip",0.00819405,"Mastacomys_fuscus_M13957",NA,NA,NA
82,"Pseudomys_australis_M25541","tip",0.00842429,"Pseudomys_australis_M25541",NA,NA,NA
83,"Pseudomys_fumeus_ABTC08168","tip",0.00902826,"Pseudomys_fumeus_ABTC08168",NA,NA,NA
84,"Pseudomys_apodemoides_M16672","tip",0.00437813,"Pseudomys_apodemoides_M16672",NA,NA,NA
85,"Pseudomys_albocinereus_WAMM18855","tip",0.00526016,"Pseudomys_albocinereus_WAMM18855",NA,NA,NA
86,"Pseudomys_occidentalis_ABTC08043","tip",0.0112903,"Pseudomys_occidentalis_ABTC08043",NA,NA,NA
87,"Pseudomys_patrius_JM10865","tip",0.00663134,"Pseudomys_patrius_JM10865",NA,NA,NA
88,"Pseudomys_johnsoni_ABTC08053","tip",0.00399728,"Pseudomys_johnsoni_ABTC08053",NA,NA,NA
89,"Pseudomys_chapmani_WAMM29440","tip",0.00801623,"Pseudomys_chapmani_WAMM29440",NA,NA,NA
90,"Pseudomys_calabyi_U4324","tip",0.00788387,"Pseudomys_calabyi_U4324",NA,NA,NA
91,"Notomys_mitchellii_M21518","tip",0.00834051,"Notomys_mitchellii_M21518",NA,NA,NA
92,"Notomys_alexis_U1308","tip",0.00336855,"Notomys_alexis_U1308",NA,NA,NA
93,"Notomys_fuscus_M22830","tip",0.00480515,"Notomys_fuscus_M22830",NA,NA,NA
94,"Notomys_aquilo_M-32455","tip",0.00495849,"Notomys_aquilo_M-32455",NA,NA,NA
95,"Notomys_cervinus_M22857","tip",0.00973772,"Notomys_cervinus_M22857",NA,NA,NA
96,"Leggadina_lakedownensis_WAMM21623","tip",0.00386248,"Leggadina_lakedownensis_WAMM21623",NA,NA,NA
97,"Leggadina_forresti_WAMM62323","tip",0.00453021,"Leggadina_forresti_WAMM62323",NA,NA,NA
98,"Uromys_sp-nov_YS380","tip",0.00413714,"Uromys_sp-nov_YS380",NA,NA,NA
99,"Uromys_caudimaculatus_DT10Uc01","tip",0.00355024,"Uromys_caudimaculatus_DT10Uc01",NA,NA,NA
100,"Solomys_salebrosus_ABTC64864","tip",0.00921667,"Solomys_salebrosus_ABTC64864",NA,NA,NA
101,"Melomys_rufescens_ABTC44798","tip",0.00813018,"Melomys_rufescens_ABTC44798",NA,NA,NA
102,"Mesembriomys_macrurus_ABTC7337","tip",0.00768363,"Mesembriomys_macrurus_ABTC7337",NA,NA,NA
103,"Mesembriomys_gouldii_ABTC7449","tip",0.00572483,"Mesembriomys_gouldii_ABTC7449",NA,NA,NA
104,"Conilurus_penicillatus_M14056","tip",0.00975111,"Conilurus_penicillatus_M14056",NA,NA,NA
105,"Conilurus_albipes_NMV-c7585","tip",0.00932833,"Conilurus_albipes_NMV-c7585",NA,NA,NA
106,"Leporillus_conditor_ABTC13335","tip",0.0114142,"Leporillus_conditor_ABTC13335",NA,NA,NA
107,"Leporillus_apicalis_C90","tip",0.0122115,"Leporillus_apicalis_C90",NA,NA,NA
108,"Paraleptomys_wilhelmina_H126-ABTC133716","tip",0.0100993,"Paraleptomys_wilhelmina_H126-ABTC133716",NA,NA,NA
109,"Mirzamys_louiseae_ABTC133754","tip",0.00832959,"Mirzamys_louiseae_ABTC133754",NA,NA,NA
110,"Leptomys_elegans_ABTC45741","tip",0.012346,"Leptomys_elegans_ABTC45741",NA,NA,NA
111,"Xeromys_myoides_ABTC30709","tip",0.0130651,"Xeromys_myoides_ABTC30709",NA,NA,NA
112,"Pseudohydromys_pumehanae_ABTC43920","tip",0.00730162,"Pseudohydromys_pumehanae_ABTC43920",NA,NA,NA
113,"Microhydromys_richardsoni_ANWCM35851","tip",0.00922276,"Microhydromys_richardsoni_ANWCM35851",NA,NA,NA
114,"Parahydromys_asper_ABTC45798","tip",0.00450704,"Parahydromys_asper_ABTC45798",NA,NA,NA
115,"Hydromys_sp-nov_YS391","tip",0.00242458,"Hydromys_sp-nov_YS391",NA,NA,NA
116,"Hydromys_chrysogaster_Z5248","tip",0.00609369,"Hydromys_chrysogaster_Z5248",NA,NA,NA
117,"Crossomys_moncktoni_ABTC46614","tip",0.00535745,"Crossomys_moncktoni_ABTC46614",NA,NA,NA
118,"Mallomys_rothschildi_ABTC47402","tip",0.0171854,"Mallomys_rothschildi_ABTC47402",NA,NA,NA
119,"Pogonomelomys_mayeri_AMM21849","tip",0.0152572,"Pogonomelomys_mayeri_AMM21849",NA,NA,NA
120,"Abeomelomys_sevia_KUM161018","tip",0.0143575,"Abeomelomys_sevia_KUM161018",NA,NA,NA
121,"Xenuromys_barbatus_ABTC129204","tip",0.016145,"Xenuromys_barbatus_ABTC129204",NA,NA,NA
122,"Mammelomys_lanosus_ABTC47208","tip",0.0201994,"Mammelomys_lanosus_ABTC47208",NA,NA,NA
123,"Coccymys_ruemmleri_ABTC49489","tip",0.0243119,"Coccymys_ruemmleri_ABTC49489",NA,NA,NA
124,"Hyomys_goliath_ABTC42697","tip",0.0194244,"Hyomys_goliath_ABTC42697",NA,NA,NA
125,"Pogonomys_macrourus_ABTC43144","tip",0.0239554,"Pogonomys_macrourus_ABTC43144",NA,NA,NA
126,"Chiruromys_vates_ABTC43096","tip",0.0275416,"Chiruromys_vates_ABTC43096",NA,NA,NA
127,"Macruromys_major_ABTC43909","tip",0.0216422,"Macruromys_major_ABTC43909",NA,NA,NA
128,"Lorentzimys_nouhuysi_ABTC-46314","tip",0.0330373,"Lorentzimys_nouhuysi_ABTC-46314",NA,NA,NA
129,"Anisomys_imitator_ABTC45107","tip",0.0180685,"Anisomys_imitator_ABTC45107",NA,NA,NA
130,"Chrotomys_whiteheadi_KU168311","tip",0.00425834,"Chrotomys_whiteheadi_KU168311",NA,NA,NA
131,"Chrotomys_mindorensis_JAE520","tip",0.00323997,"Chrotomys_mindorensis_JAE520",NA,NA,NA
132,"Rhynchomys_isarogensis_JAE2195","tip",0.0154551,"Rhynchomys_isarogensis_JAE2195",NA,NA,NA
133,"Archboldomys_luzonensis_EAR1826","tip",0.0165904,"Archboldomys_luzonensis_EAR1826",NA,NA,NA
134,"Apomys_lubangensis_JAE169","tip",0.0270335,"Apomys_lubangensis_JAE169",NA,NA,NA
135,"Haeromys_minahassae_JAE4996","tip",0.0342833,"Haeromys_minahassae_JAE4996",NA,NA,NA
136,"Chiropodomys_gliroides_Z25153","tip",0.041576,"Chiropodomys_gliroides_Z25153",NA,NA,NA
137,"Otomys_tropicalis_LSUMZ37841","tip",0.0146029,"Otomys_tropicalis_LSUMZ37841",NA,NA,NA
138,"Otomys_denti_LSUMZ37840","tip",0.0123693,"Otomys_denti_LSUMZ37840",NA,NA,NA
139,"Lemniscomys_striatus_TCD4711","tip",0.0161749,"Lemniscomys_striatus_TCD4711",NA,NA,NA
140,"Arvicanthus_niloticus_MNHN1999201","tip",0.00577466,"Arvicanthus_niloticus_MNHN1999201",NA,NA,NA
141,"Arvicanthus_neumanni_FMNH158037","tip",0.00848667,"Arvicanthus_neumanni_FMNH158037",NA,NA,NA
142,"Pelomys_minor_FMNH219213","tip",0.00994324,"Pelomys_minor_FMNH219213",NA,NA,NA
143,"Pelomys_isseli_FMNH137886","tip",0.00993619,"Pelomys_isseli_FMNH137886",NA,NA,NA
144,"Mylomys_dybowskii_MNHN1997072","tip",0.0159222,"Mylomys_dybowskii_MNHN1997072",NA,NA,NA
145,"Rhabdomys_pumilio_MNHN1995065","tip",0.0246268,"Rhabdomys_pumilio_MNHN1995065",NA,NA,NA
146,"Dasymys_montanus_FMNH144389","tip",0.00168704,"Dasymys_montanus_FMNH144389",NA,NA,NA
147,"Dasymys_incomtus_LSUMZ37702","tip",0.00378215,"Dasymys_incomtus_LSUMZ37702",NA,NA,NA
148,"Aethomys_hindei_MVZ196257","tip",0.0195623,"Aethomys_hindei_MVZ196257",NA,NA,NA
149,"Aethomys_nyikae_FMNH196708","tip",0.0207929,"Aethomys_nyikae_FMNH196708",NA,NA,NA
150,"Thamnomys_venustus_LSUMZ37935","tip",0.0188672,"Thamnomys_venustus_LSUMZ37935",NA,NA,NA
151,"Thamnomys_kempi_TCD4437","tip",0.0172007,"Thamnomys_kempi_TCD4437",NA,NA,NA
152,"Grammomys_dryas_LSUMZ37716","tip",0.0274528,"Grammomys_dryas_LSUMZ37716",NA,NA,NA
153,"Thallomys_paedulcus_FMNH158089","tip",0.0285227,"Thallomys_paedulcus_FMNH158089",NA,NA,NA
154,"Micaelemys_namaquensis_MNHN1987009","tip",0.0243129,"Micaelemys_namaquensis_MNHN1987009",NA,NA,NA
155,"Stochomys_longicaudatus_MNHN1999459","tip",0.0186021,"Stochomys_longicaudatus_MNHN1999459",NA,NA,NA
156,"Dephomys_defua_MNHNR24062","tip",0.015413,"Dephomys_defua_MNHNR24062",NA,NA,NA
157,"Hybomys_univittatus_TCD4026","tip",0.00385843,"Hybomys_univittatus_TCD4026",NA,NA,NA
158,"Hybomys_lunaris_LSUMZ37734","tip",0.00342123,"Hybomys_lunaris_LSUMZ37734",NA,NA,NA
159,"Hybomys_planifrons_R24117","tip",0.0315323,"Hybomys_planifrons_R24117",NA,NA,NA
160,"Oenomys_hypoxanthus_LSUMZ37838","tip",0.0285956,"Oenomys_hypoxanthus_LSUMZ37838",NA,NA,NA
161,"Pithecheir_melanurus_LSUMZ38198","tip",0.0361715,"Pithecheir_melanurus_LSUMZ38198",NA,NA,NA
162,"Vandeleuria_oleracea_ABTC116404","tip",0.0608975,"Vandeleuria_oleracea_ABTC116404",NA,NA,NA
163,"Malacomys_longipes_TCD4253","tip",0.0457405,"Malacomys_longipes_TCD4253",NA,NA,NA
164,"Apodemus_sylvaticus_SMG3823","tip",0.0633053,"Apodemus_sylvaticus_SMG3823",NA,NA,NA
165,"Myomyscus_verreauxii_MNHN1999102","tip",0.0170719,"Myomyscus_verreauxii_MNHN1999102",NA,NA,NA
166,"Zelotomys_woosnami_TTU-M115260","tip",0.0142067,"Zelotomys_woosnami_TTU-M115260",NA,NA,NA
167,"Colomys_goslingi_TCD4175","tip",0.0104422,"Colomys_goslingi_TCD4175",NA,NA,NA
168,"Mastomys_natalensis_T4162","tip",0.0208207,"Mastomys_natalensis_T4162",NA,NA,NA
169,"Praomys_jacksoni_REC31","tip",0.0104612,"Praomys_jacksoni_REC31",NA,NA,NA
170,"Praomys_degraaffi_TCD4312","tip",0.0116397,"Praomys_degraaffi_TCD4312",NA,NA,NA
171,"Hylomyscus_stella_LSUMZ37742","tip",0.0125052,"Hylomyscus_stella_LSUMZ37742",NA,NA,NA
172,"Hylomyscus_vulcanorum_TCD4382","tip",0.013106,"Hylomyscus_vulcanorum_TCD4382",NA,NA,NA
173,"Heimyscus_fumosus_FMNH167810","tip",0.0186277,"Heimyscus_fumosus_FMNH167810",NA,NA,NA
174,"Mus_pahari_10460X1","tip",0.0333231,"Mus_pahari_10460X1",NA,NA,NA
175,"Mus_minutoides_10460X2","tip",0.00940515,"Mus_minutoides_10460X2",NA,NA,NA
176,"Mus_musculoides_LSUMZ37820","tip",0.00971,"Mus_musculoides_LSUMZ37820",NA,NA,NA
177,"Mus_platythrix_10460X13","tip",0.0254957,"Mus_platythrix_10460X13",NA,NA,NA
178,"Mus_cookii_10460X3","tip",0.00810045,"Mus_cookii_10460X3",NA,NA,NA
179,"Mus_cervicolor_10460X10","tip",0.00872099,"Mus_cervicolor_10460X10",NA,NA,NA
180,"Mus_caroli_10460X9","tip",0.0147773,"Mus_caroli_10460X9",NA,NA,NA
181,"Mus_spretus_10460X4","tip",0.00743511,"Mus_spretus_10460X4",NA,NA,NA
182,"Mus_spicilegus_10460X11","tip",0.00584152,"Mus_spicilegus_10460X11",NA,NA,NA
183,"Mus_macedonicus_10460X12","tip",0.00323378,"Mus_macedonicus_10460X12",NA,NA,NA
184,"Mus_musculus-reference_10460X5","tip",0.00218633,"Mus_musculus-reference_10460X5",NA,NA,NA
185,"Mus_musculus-musculus_10460X14","tip",0.00195833,"Mus_musculus-musculus_10460X14",NA,NA,NA
186,"Mus_musculus-castaneus_10460X7","tip",0.00236629,"Mus_musculus-castaneus_10460X7",NA,NA,NA
187,"mm10","tip",0.00157136,"mm10",NA,NA,NA
188,"Mus_musculus-domesticus_10460X15","tip",0.00299436,"Mus_musculus-domesticus_10460X15",NA,NA,NA
189,"Abeomelomys_sevia_KUM161018;Aethomys_hindei_MVZ196257;Aethomys_nyikae_FMNH196708;Anisomys_imitator_ABTC45107;Anonymomys_mindorensis_FMNH2222010;Apodemus_sylvaticus_SMG3823;Apomys_lubangensis_JAE169;Archboldomys_luzonensis_EAR1826;Arvicanthus_neumanni_FMNH158037;Arvicanthus_niloticus_MNHN1999201;Bandicota_indica_ABTC119185;Batomys_russatus_KU165776;Berylmys_bowersi_ABTC116431;Berylmys_mackenziei_ABTC116402;Bullimus_bagobus_JAE1712;Bunomys_andrewsi_sample1;Bunomys_chrysocomus_JAE4867;Bunomys_torajae_NMVZ21736;Carpomys_melanurus_FMNH198723;Chiropodomys_gliroides_Z25153;Chiruromys_vates_ABTC43096;Chrotomys_mindorensis_JAE520;Chrotomys_whiteheadi_KU168311;Coccymys_ruemmleri_ABTC49489;Colomys_goslingi_TCD4175;Conilurus_albipes_NMV-c7585;Conilurus_penicillatus_M14056;Crateromys_heaneyi_KU165014;Crossomys_moncktoni_ABTC46614;Crunomys_celebensis_Z21894;Crunomys_melanius_KU168558;Dasymys_incomtus_LSUMZ37702;Dasymys_montanus_FMNH144389;Dephomys_defua_MNHNR24062;Echiothrix_centrosa_Z27993;Eropeplus_canus_NMVZ21733;Genus_sp-nov_NMVZ21816;Gracilimus_radix_Z08508;Grammomys_dryas_LSUMZ37716;Haeromys_minahassae_JAE4996;Halmaheramys_bokimekot_33262-WD225;Heimyscus_fumosus_FMNH167810;Hybomys_lunaris_LSUMZ37734;Hybomys_planifrons_R24117;Hybomys_univittatus_TCD4026;Hydromys_chrysogaster_Z5248;Hydromys_sp-nov_YS391;Hylomyscus_stella_LSUMZ37742;Hylomyscus_vulcanorum_TCD4382;Hyomys_goliath_ABTC42697;Hyorhinomys_stuempkei_JAE4661;Kadarsanomys_sodyi_MZB-Sample;Leggadina_forresti_WAMM62323;Leggadina_lakedownensis_WAMM21623;Lemniscomys_striatus_TCD4711;Lenomys_meyeri_LSUMZ39079;Leopoldomys_sabanus_Z25191;Leporillus_apicalis_C90;Leporillus_conditor_ABTC13335;Leptomys_elegans_ABTC45741;Limnomys_sibuanus_FMNH147948;Lophiomys_imhausi_UM5152;Lophuromys_woosnami_LSUMZ37793;Lorentzimys_nouhuysi_ABTC-46314;Macruromys_major_ABTC43909;Malacomys_longipes_TCD4253;Mallomys_rothschildi_ABTC47402;Mammelomys_lanosus_ABTC47208;Margaretamys_christinae_TMar1;Margaretamys_parvus_NMVZ21833;Mastacomys_fuscus_M13957;Mastomys_natalensis_T4162;Maxomys_musschenbroekii_sample1;Maxomys_surifer_JAE3632;Melasmothrix_naso_Z21808;Melomys_rufescens_ABTC44798;Mesembriomys_gouldii_ABTC7449;Mesembriomys_macrurus_ABTC7337;Micaelemys_namaquensis_MNHN1987009;Microhydromys_richardsoni_ANWCM35851;Mirzamys_louiseae_ABTC133754;mm10;Mus_caroli_10460X9;Mus_cervicolor_10460X10;Mus_cookii_10460X3;Mus_macedonicus_10460X12;Mus_minutoides_10460X2;Mus_musculoides_LSUMZ37820;Mus_musculus-castaneus_10460X7;Mus_musculus-domesticus_10460X15;Mus_musculus-musculus_10460X14;Mus_musculus-reference_10460X5;Mus_pahari_10460X1;Mus_platythrix_10460X13;Mus_spicilegus_10460X11;Mus_spretus_10460X4;Musseromys_anacuao_FMNH209523;Mylomys_dybowskii_MNHN1997072;Myomyscus_verreauxii_MNHN1999102;Nesokia_indica_ABTC117074;Niviventer_bukit_LSUMZ38136;Niviventer_lepturus_JAE4746;Niviventer_rapit_LSUMZ38196;Notomys_alexis_U1308;Notomys_aquilo_M-32455;Notomys_cervinus_M22857;Notomys_fuscus_M22830;Notomys_mitchellii_M21518;Oenomys_hypoxanthus_LSUMZ37838;Otomys_denti_LSUMZ37840;Otomys_tropicalis_LSUMZ37841;Papagomys_armandvillei_WAMM32592;Parahydromys_asper_ABTC45798;Paraleptomys_wilhelmina_H126-ABTC133716;Paruromys_dominator_JAE4870;Paucidentomys_vermidax_Z21914;Pelomys_isseli_FMNH137886;Pelomys_minor_FMNH219213;Phloeomys_cumingi_FMNH198472;Phloeomys_pallidus_JEC43;Pithecheir_melanurus_LSUMZ38198;Pogonomelomys_mayeri_AMM21849;Pogonomys_macrourus_ABTC43144;Praomys_degraaffi_TCD4312;Praomys_jacksoni_REC31;Pseudohydromys_pumehanae_ABTC43920;Pseudomys_albocinereus_WAMM18855;Pseudomys_apodemoides_M16672;Pseudomys_australis_M25541;Pseudomys_bolami_ABTC107389;Pseudomys_calabyi_U4324;Pseudomys_chapmani_WAMM29440;Pseudomys_delicatulus_U1509;Pseudomys_desertor_ABTC41464;Pseudomys_fumeus_ABTC08168;Pseudomys_gracilicaudatus_ABTC08163;Pseudomys_hermannsburgensis_ABTC08067;Pseudomys_higginsi_UC1421;Pseudomys_johnsoni_ABTC08053;Pseudomys_nanus_U1448;Pseudomys_novaehollandiae_ABTC08140;Pseudomys_occidentalis_ABTC08043;Pseudomys_oralis_RAT7;Pseudomys_patrius_JM10865;Pseudomys_shortridgei_Z25113;Rattus_argentiventer_LSUMZ38199;Rattus_colletti_RAT25;Rattus_exulans_sample1;Rattus_hoffmanni_LSUMZ39187;Rattus_leucopus_sample1;Rattus_lutreolus_sample2;Rattus_morotaiensis_ASAM29;Rattus_praetor_sample1;Rattus_tunneyi_RAT130;Rattus_villosissimus_sample1;Rattus_xanthurus_LSUMZ39196;Rhabdomys_pumilio_MNHN1995065;Rhynchomys_isarogensis_JAE2195;rnor6;Saxatilomys_paulinae_ABTC116266;Solomys_salebrosus_ABTC64864;Sommeromys_macrorhinos_Z21740;Stochomys_longicaudatus_MNHN1999459;Sundamys_annandalei_YS118;Sundamys_muelleri_JAE1283;Taeromys_callitrichus_LSUMZ37153;Taeromys_celebensis_NMVZ20637;Taeromys_hamatus_NMVZ63317;Taeromys_punicans_MVZ225815;Taeromys_taerae_LSUMZ39224;Tarsomys_apoensis_KU167148;Tateomys_macrocercus_Z21834;Tateomys_rhinogradoides_Z21785;Thallomys_paedulcus_FMNH158089;Thamnomys_kempi_TCD4437;Thamnomys_venustus_LSUMZ37935;Uromys_caudimaculatus_DT10Uc01;Uromys_sp-nov_YS380;Vandeleuria_oleracea_ABTC116404;Waiomys_mamasae_Z20624;Xenuromys_barbatus_ABTC129204;Xeromys_myoides_ABTC30709;Zelotomys_woosnami_TTU-M115260;Zyzomys_argurus_ABTC61630;Zyzomys_maini_ABTC07900;Zyzomys_palatalis_ABTC30744;Zyzomys_pedunculatus_Z34925;Zyzomys_woodwardi_WAMM21724","ROOT",NA,"100/84.3/63.2",100,84.3,63.2
190,"Lophiomys_imhausi_UM5152;Lophuromys_woosnami_LSUMZ37793","internal",0.0143161,"",NA,NA,NA
191,"Abeomelomys_sevia_KUM161018;Aethomys_hindei_MVZ196257;Aethomys_nyikae_FMNH196708;Anisomys_imitator_ABTC45107;Anonymomys_mindorensis_FMNH2222010;Apodemus_sylvaticus_SMG3823;Apomys_lubangensis_JAE169;Archboldomys_luzonensis_EAR1826;Arvicanthus_neumanni_FMNH158037;Arvicanthus_niloticus_MNHN1999201;Bandicota_indica_ABTC119185;Batomys_russatus_KU165776;Berylmys_bowersi_ABTC116431;Berylmys_mackenziei_ABTC116402;Bullimus_bagobus_JAE1712;Bunomys_andrewsi_sample1;Bunomys_chrysocomus_JAE4867;Bunomys_torajae_NMVZ21736;Carpomys_melanurus_FMNH198723;Chiropodomys_gliroides_Z25153;Chiruromys_vates_ABTC43096;Chrotomys_mindorensis_JAE520;Chrotomys_whiteheadi_KU168311;Coccymys_ruemmleri_ABTC49489;Colomys_goslingi_TCD4175;Conilurus_albipes_NMV-c7585;Conilurus_penicillatus_M14056;Crateromys_heaneyi_KU165014;Crossomys_moncktoni_ABTC46614;Crunomys_celebensis_Z21894;Crunomys_melanius_KU168558;Dasymys_incomtus_LSUMZ37702;Dasymys_montanus_FMNH144389;Dephomys_defua_MNHNR24062;Echiothrix_centrosa_Z27993;Eropeplus_canus_NMVZ21733;Genus_sp-nov_NMVZ21816;Gracilimus_radix_Z08508;Grammomys_dryas_LSUMZ37716;Haeromys_minahassae_JAE4996;Halmaheramys_bokimekot_33262-WD225;Heimyscus_fumosus_FMNH167810;Hybomys_lunaris_LSUMZ37734;Hybomys_planifrons_R24117;Hybomys_univittatus_TCD4026;Hydromys_chrysogaster_Z5248;Hydromys_sp-nov_YS391;Hylomyscus_stella_LSUMZ37742;Hylomyscus_vulcanorum_TCD4382;Hyomys_goliath_ABTC42697;Hyorhinomys_stuempkei_JAE4661;Kadarsanomys_sodyi_MZB-Sample;Leggadina_forresti_WAMM62323;Leggadina_lakedownensis_WAMM21623;Lemniscomys_striatus_TCD4711;Lenomys_meyeri_LSUMZ39079;Leopoldomys_sabanus_Z25191;Leporillus_apicalis_C90;Leporillus_conditor_ABTC13335;Leptomys_elegans_ABTC45741;Limnomys_sibuanus_FMNH147948;Lorentzimys_nouhuysi_ABTC-46314;Macruromys_major_ABTC43909;Malacomys_longipes_TCD4253;Mallomys_rothschildi_ABTC47402;Mammelomys_lanosus_ABTC47208;Margaretamys_christinae_TMar1;Margaretamys_parvus_NMVZ21833;Mastacomys_fuscus_M13957;Mastomys_natalensis_T4162;Maxomys_musschenbroekii_sample1;Maxomys_surifer_JAE3632;Melasmothrix_naso_Z21808;Melomys_rufescens_ABTC44798;Mesembriomys_gouldii_ABTC7449;Mesembriomys_macrurus_ABTC7337;Micaelemys_namaquensis_MNHN1987009;Microhydromys_richardsoni_ANWCM35851;Mirzamys_louiseae_ABTC133754;mm10;Mus_caroli_10460X9;Mus_cervicolor_10460X10;Mus_cookii_10460X3;Mus_macedonicus_10460X12;Mus_minutoides_10460X2;Mus_musculoides_LSUMZ37820;Mus_musculus-castaneus_10460X7;Mus_musculus-domesticus_10460X15;Mus_musculus-musculus_10460X14;Mus_musculus-reference_10460X5;Mus_pahari_10460X1;Mus_platythrix_10460X13;Mus_spicilegus_10460X11;Mus_spretus_10460X4;Musseromys_anacuao_FMNH209523;Mylomys_dybowskii_MNHN1997072;Myomyscus_verreauxii_MNHN1999102;Nesokia_indica_ABTC117074;Niviventer_bukit_LSUMZ38136;Niviventer_lepturus_JAE4746;Niviventer_rapit_LSUMZ38196;Notomys_alexis_U1308;Notomys_aquilo_M-32455;Notomys_cervinus_M22857;Notomys_fuscus_M22830;Notomys_mitchellii_M21518;Oenomys_hypoxanthus_LSUMZ37838;Otomys_denti_LSUMZ37840;Otomys_tropicalis_LSUMZ37841;Papagomys_armandvillei_WAMM32592;Parahydromys_asper_ABTC45798;Paraleptomys_wilhelmina_H126-ABTC133716;Paruromys_dominator_JAE4870;Paucidentomys_vermidax_Z21914;Pelomys_isseli_FMNH137886;Pelomys_minor_FMNH219213;Phloeomys_cumingi_FMNH198472;Phloeomys_pallidus_JEC43;Pithecheir_melanurus_LSUMZ38198;Pogonomelomys_mayeri_AMM21849;Pogonomys_macrourus_ABTC43144;Praomys_degraaffi_TCD4312;Praomys_jacksoni_REC31;Pseudohydromys_pumehanae_ABTC43920;Pseudomys_albocinereus_WAMM18855;Pseudomys_apodemoides_M16672;Pseudomys_australis_M25541;Pseudomys_bolami_ABTC107389;Pseudomys_calabyi_U4324;Pseudomys_chapmani_WAMM29440;Pseudomys_delicatulus_U1509;Pseudomys_desertor_ABTC41464;Pseudomys_fumeus_ABTC08168;Pseudomys_gracilicaudatus_ABTC08163;Pseudomys_hermannsburgensis_ABTC08067;Pseudomys_higginsi_UC1421;Pseudomys_johnsoni_ABTC08053;Pseudomys_nanus_U1448;Pseudomys_novaehollandiae_ABTC08140;Pseudomys_occidentalis_ABTC08043;Pseudomys_oralis_RAT7;Pseudomys_patrius_JM10865;Pseudomys_shortridgei_Z25113;Rattus_argentiventer_LSUMZ38199;Rattus_colletti_RAT25;Rattus_exulans_sample1;Rattus_hoffmanni_LSUMZ39187;Rattus_leucopus_sample1;Rattus_lutreolus_sample2;Rattus_morotaiensis_ASAM29;Rattus_praetor_sample1;Rattus_tunneyi_RAT130;Rattus_villosissimus_sample1;Rattus_xanthurus_LSUMZ39196;Rhabdomys_pumilio_MNHN1995065;Rhynchomys_isarogensis_JAE2195;rnor6;Saxatilomys_paulinae_ABTC116266;Solomys_salebrosus_ABTC64864;Sommeromys_macrorhinos_Z21740;Stochomys_longicaudatus_MNHN1999459;Sundamys_annandalei_YS118;Sundamys_muelleri_JAE1283;Taeromys_callitrichus_LSUMZ37153;Taeromys_celebensis_NMVZ20637;Taeromys_hamatus_NMVZ63317;Taeromys_punicans_MVZ225815;Taeromys_taerae_LSUMZ39224;Tarsomys_apoensis_KU167148;Tateomys_macrocercus_Z21834;Tateomys_rhinogradoides_Z21785;Thallomys_paedulcus_FMNH158089;Thamnomys_kempi_TCD4437;Thamnomys_venustus_LSUMZ37935;Uromys_caudimaculatus_DT10Uc01;Uromys_sp-nov_YS380;Vandeleuria_oleracea_ABTC116404;Waiomys_mamasae_Z20624;Xenuromys_barbatus_ABTC129204;Xeromys_myoides_ABTC30709;Zelotomys_woosnami_TTU-M115260;Zyzomys_argurus_ABTC61630;Zyzomys_maini_ABTC07900;Zyzomys_palatalis_ABTC30744;Zyzomys_pedunculatus_Z34925;Zyzomys_woodwardi_WAMM21724","internal",0.0166898,"",NA,NA,NA
192,"Batomys_russatus_KU165776;Carpomys_melanurus_FMNH198723;Crateromys_heaneyi_KU165014;Musseromys_anacuao_FMNH209523;Phloeomys_cumingi_FMNH198472;Phloeomys_pallidus_JEC43","internal",0.0173161,"100/83.5/64.3",100,83.5,64.3
193,"Phloeomys_cumingi_FMNH198472;Phloeomys_pallidus_JEC43","internal",0.0247429,"100/93.9/92.8",100,93.9,92.8
194,"Batomys_russatus_KU165776;Carpomys_melanurus_FMNH198723;Crateromys_heaneyi_KU165014;Musseromys_anacuao_FMNH209523","internal",0.00673681,"100/72.6/51.7",100,72.6,51.7
195,"Carpomys_melanurus_FMNH198723;Musseromys_anacuao_FMNH209523","internal",0.0144553,"100/90.1/76.3",100,90.1,76.3
196,"Batomys_russatus_KU165776;Crateromys_heaneyi_KU165014","internal",0.00982434,"100/82.1/65",100,82.1,65
197,"Abeomelomys_sevia_KUM161018;Aethomys_hindei_MVZ196257;Aethomys_nyikae_FMNH196708;Anisomys_imitator_ABTC45107;Anonymomys_mindorensis_FMNH2222010;Apodemus_sylvaticus_SMG3823;Apomys_lubangensis_JAE169;Archboldomys_luzonensis_EAR1826;Arvicanthus_neumanni_FMNH158037;Arvicanthus_niloticus_MNHN1999201;Bandicota_indica_ABTC119185;Berylmys_bowersi_ABTC116431;Berylmys_mackenziei_ABTC116402;Bullimus_bagobus_JAE1712;Bunomys_andrewsi_sample1;Bunomys_chrysocomus_JAE4867;Bunomys_torajae_NMVZ21736;Chiropodomys_gliroides_Z25153;Chiruromys_vates_ABTC43096;Chrotomys_mindorensis_JAE520;Chrotomys_whiteheadi_KU168311;Coccymys_ruemmleri_ABTC49489;Colomys_goslingi_TCD4175;Conilurus_albipes_NMV-c7585;Conilurus_penicillatus_M14056;Crossomys_moncktoni_ABTC46614;Crunomys_celebensis_Z21894;Crunomys_melanius_KU168558;Dasymys_incomtus_LSUMZ37702;Dasymys_montanus_FMNH144389;Dephomys_defua_MNHNR24062;Echiothrix_centrosa_Z27993;Eropeplus_canus_NMVZ21733;Genus_sp-nov_NMVZ21816;Gracilimus_radix_Z08508;Grammomys_dryas_LSUMZ37716;Haeromys_minahassae_JAE4996;Halmaheramys_bokimekot_33262-WD225;Heimyscus_fumosus_FMNH167810;Hybomys_lunaris_LSUMZ37734;Hybomys_planifrons_R24117;Hybomys_univittatus_TCD4026;Hydromys_chrysogaster_Z5248;Hydromys_sp-nov_YS391;Hylomyscus_stella_LSUMZ37742;Hylomyscus_vulcanorum_TCD4382;Hyomys_goliath_ABTC42697;Hyorhinomys_stuempkei_JAE4661;Kadarsanomys_sodyi_MZB-Sample;Leggadina_forresti_WAMM62323;Leggadina_lakedownensis_WAMM21623;Lemniscomys_striatus_TCD4711;Lenomys_meyeri_LSUMZ39079;Leopoldomys_sabanus_Z25191;Leporillus_apicalis_C90;Leporillus_conditor_ABTC13335;Leptomys_elegans_ABTC45741;Limnomys_sibuanus_FMNH147948;Lorentzimys_nouhuysi_ABTC-46314;Macruromys_major_ABTC43909;Malacomys_longipes_TCD4253;Mallomys_rothschildi_ABTC47402;Mammelomys_lanosus_ABTC47208;Margaretamys_christinae_TMar1;Margaretamys_parvus_NMVZ21833;Mastacomys_fuscus_M13957;Mastomys_natalensis_T4162;Maxomys_musschenbroekii_sample1;Maxomys_surifer_JAE3632;Melasmothrix_naso_Z21808;Melomys_rufescens_ABTC44798;Mesembriomys_gouldii_ABTC7449;Mesembriomys_macrurus_ABTC7337;Micaelemys_namaquensis_MNHN1987009;Microhydromys_richardsoni_ANWCM35851;Mirzamys_louiseae_ABTC133754;mm10;Mus_caroli_10460X9;Mus_cervicolor_10460X10;Mus_cookii_10460X3;Mus_macedonicus_10460X12;Mus_minutoides_10460X2;Mus_musculoides_LSUMZ37820;Mus_musculus-castaneus_10460X7;Mus_musculus-domesticus_10460X15;Mus_musculus-musculus_10460X14;Mus_musculus-reference_10460X5;Mus_pahari_10460X1;Mus_platythrix_10460X13;Mus_spicilegus_10460X11;Mus_spretus_10460X4;Mylomys_dybowskii_MNHN1997072;Myomyscus_verreauxii_MNHN1999102;Nesokia_indica_ABTC117074;Niviventer_bukit_LSUMZ38136;Niviventer_lepturus_JAE4746;Niviventer_rapit_LSUMZ38196;Notomys_alexis_U1308;Notomys_aquilo_M-32455;Notomys_cervinus_M22857;Notomys_fuscus_M22830;Notomys_mitchellii_M21518;Oenomys_hypoxanthus_LSUMZ37838;Otomys_denti_LSUMZ37840;Otomys_tropicalis_LSUMZ37841;Papagomys_armandvillei_WAMM32592;Parahydromys_asper_ABTC45798;Paraleptomys_wilhelmina_H126-ABTC133716;Paruromys_dominator_JAE4870;Paucidentomys_vermidax_Z21914;Pelomys_isseli_FMNH137886;Pelomys_minor_FMNH219213;Pithecheir_melanurus_LSUMZ38198;Pogonomelomys_mayeri_AMM21849;Pogonomys_macrourus_ABTC43144;Praomys_degraaffi_TCD4312;Praomys_jacksoni_REC31;Pseudohydromys_pumehanae_ABTC43920;Pseudomys_albocinereus_WAMM18855;Pseudomys_apodemoides_M16672;Pseudomys_australis_M25541;Pseudomys_bolami_ABTC107389;Pseudomys_calabyi_U4324;Pseudomys_chapmani_WAMM29440;Pseudomys_delicatulus_U1509;Pseudomys_desertor_ABTC41464;Pseudomys_fumeus_ABTC08168;Pseudomys_gracilicaudatus_ABTC08163;Pseudomys_hermannsburgensis_ABTC08067;Pseudomys_higginsi_UC1421;Pseudomys_johnsoni_ABTC08053;Pseudomys_nanus_U1448;Pseudomys_novaehollandiae_ABTC08140;Pseudomys_occidentalis_ABTC08043;Pseudomys_oralis_RAT7;Pseudomys_patrius_JM10865;Pseudomys_shortridgei_Z25113;Rattus_argentiventer_LSUMZ38199;Rattus_colletti_RAT25;Rattus_exulans_sample1;Rattus_hoffmanni_LSUMZ39187;Rattus_leucopus_sample1;Rattus_lutreolus_sample2;Rattus_morotaiensis_ASAM29;Rattus_praetor_sample1;Rattus_tunneyi_RAT130;Rattus_villosissimus_sample1;Rattus_xanthurus_LSUMZ39196;Rhabdomys_pumilio_MNHN1995065;Rhynchomys_isarogensis_JAE2195;rnor6;Saxatilomys_paulinae_ABTC116266;Solomys_salebrosus_ABTC64864;Sommeromys_macrorhinos_Z21740;Stochomys_longicaudatus_MNHN1999459;Sundamys_annandalei_YS118;Sundamys_muelleri_JAE1283;Taeromys_callitrichus_LSUMZ37153;Taeromys_celebensis_NMVZ20637;Taeromys_hamatus_NMVZ63317;Taeromys_punicans_MVZ225815;Taeromys_taerae_LSUMZ39224;Tarsomys_apoensis_KU167148;Tateomys_macrocercus_Z21834;Tateomys_rhinogradoides_Z21785;Thallomys_paedulcus_FMNH158089;Thamnomys_kempi_TCD4437;Thamnomys_venustus_LSUMZ37935;Uromys_caudimaculatus_DT10Uc01;Uromys_sp-nov_YS380;Vandeleuria_oleracea_ABTC116404;Waiomys_mamasae_Z20624;Xenuromys_barbatus_ABTC129204;Xeromys_myoides_ABTC30709;Zelotomys_woosnami_TTU-M115260;Zyzomys_argurus_ABTC61630;Zyzomys_maini_ABTC07900;Zyzomys_palatalis_ABTC30744;Zyzomys_pedunculatus_Z34925;Zyzomys_woodwardi_WAMM21724","internal",0.0160499,"100/73.6/52.6",100,73.6,52.6
198,"Anonymomys_mindorensis_FMNH2222010;Bandicota_indica_ABTC119185;Berylmys_bowersi_ABTC116431;Berylmys_mackenziei_ABTC116402;Bullimus_bagobus_JAE1712;Bunomys_andrewsi_sample1;Bunomys_chrysocomus_JAE4867;Bunomys_torajae_NMVZ21736;Crunomys_celebensis_Z21894;Crunomys_melanius_KU168558;Echiothrix_centrosa_Z27993;Eropeplus_canus_NMVZ21733;Genus_sp-nov_NMVZ21816;Gracilimus_radix_Z08508;Halmaheramys_bokimekot_33262-WD225;Hyorhinomys_stuempkei_JAE4661;Kadarsanomys_sodyi_MZB-Sample;Lenomys_meyeri_LSUMZ39079;Leopoldomys_sabanus_Z25191;Limnomys_sibuanus_FMNH147948;Margaretamys_christinae_TMar1;Margaretamys_parvus_NMVZ21833;Maxomys_musschenbroekii_sample1;Maxomys_surifer_JAE3632;Melasmothrix_naso_Z21808;Nesokia_indica_ABTC117074;Niviventer_bukit_LSUMZ38136;Niviventer_lepturus_JAE4746;Niviventer_rapit_LSUMZ38196;Papagomys_armandvillei_WAMM32592;Paruromys_dominator_JAE4870;Paucidentomys_vermidax_Z21914;Rattus_argentiventer_LSUMZ38199;Rattus_colletti_RAT25;Rattus_exulans_sample1;Rattus_hoffmanni_LSUMZ39187;Rattus_leucopus_sample1;Rattus_lutreolus_sample2;Rattus_morotaiensis_ASAM29;Rattus_praetor_sample1;Rattus_tunneyi_RAT130;Rattus_villosissimus_sample1;Rattus_xanthurus_LSUMZ39196;rnor6;Saxatilomys_paulinae_ABTC116266;Sommeromys_macrorhinos_Z21740;Sundamys_annandalei_YS118;Sundamys_muelleri_JAE1283;Taeromys_callitrichus_LSUMZ37153;Taeromys_celebensis_NMVZ20637;Taeromys_hamatus_NMVZ63317;Taeromys_punicans_MVZ225815;Taeromys_taerae_LSUMZ39224;Tarsomys_apoensis_KU167148;Tateomys_macrocercus_Z21834;Tateomys_rhinogradoides_Z21785;Waiomys_mamasae_Z20624","internal",0.0211006,"100/78.5/66.9",100,78.5,66.9
199,"Anonymomys_mindorensis_FMNH2222010;Bandicota_indica_ABTC119185;Berylmys_bowersi_ABTC116431;Berylmys_mackenziei_ABTC116402;Bullimus_bagobus_JAE1712;Bunomys_andrewsi_sample1;Bunomys_chrysocomus_JAE4867;Bunomys_torajae_NMVZ21736;Echiothrix_centrosa_Z27993;Eropeplus_canus_NMVZ21733;Genus_sp-nov_NMVZ21816;Gracilimus_radix_Z08508;Halmaheramys_bokimekot_33262-WD225;Hyorhinomys_stuempkei_JAE4661;Kadarsanomys_sodyi_MZB-Sample;Lenomys_meyeri_LSUMZ39079;Leopoldomys_sabanus_Z25191;Limnomys_sibuanus_FMNH147948;Margaretamys_christinae_TMar1;Margaretamys_parvus_NMVZ21833;Melasmothrix_naso_Z21808;Nesokia_indica_ABTC117074;Niviventer_bukit_LSUMZ38136;Niviventer_lepturus_JAE4746;Niviventer_rapit_LSUMZ38196;Papagomys_armandvillei_WAMM32592;Paruromys_dominator_JAE4870;Paucidentomys_vermidax_Z21914;Rattus_argentiventer_LSUMZ38199;Rattus_colletti_RAT25;Rattus_exulans_sample1;Rattus_hoffmanni_LSUMZ39187;Rattus_leucopus_sample1;Rattus_lutreolus_sample2;Rattus_morotaiensis_ASAM29;Rattus_praetor_sample1;Rattus_tunneyi_RAT130;Rattus_villosissimus_sample1;Rattus_xanthurus_LSUMZ39196;rnor6;Saxatilomys_paulinae_ABTC116266;Sommeromys_macrorhinos_Z21740;Sundamys_annandalei_YS118;Sundamys_muelleri_JAE1283;Taeromys_callitrichus_LSUMZ37153;Taeromys_celebensis_NMVZ20637;Taeromys_hamatus_NMVZ63317;Taeromys_punicans_MVZ225815;Taeromys_taerae_LSUMZ39224;Tarsomys_apoensis_KU167148;Tateomys_macrocercus_Z21834;Tateomys_rhinogradoides_Z21785;Waiomys_mamasae_Z20624","internal",0.0131336,"100/71/64.6",100,71,64.6
200,"Anonymomys_mindorensis_FMNH2222010;Bandicota_indica_ABTC119185;Berylmys_bowersi_ABTC116431;Berylmys_mackenziei_ABTC116402;Bullimus_bagobus_JAE1712;Bunomys_andrewsi_sample1;Bunomys_chrysocomus_JAE4867;Bunomys_torajae_NMVZ21736;Eropeplus_canus_NMVZ21733;Genus_sp-nov_NMVZ21816;Halmaheramys_bokimekot_33262-WD225;Kadarsanomys_sodyi_MZB-Sample;Lenomys_meyeri_LSUMZ39079;Leopoldomys_sabanus_Z25191;Limnomys_sibuanus_FMNH147948;Margaretamys_christinae_TMar1;Margaretamys_parvus_NMVZ21833;Nesokia_indica_ABTC117074;Niviventer_bukit_LSUMZ38136;Niviventer_lepturus_JAE4746;Niviventer_rapit_LSUMZ38196;Papagomys_armandvillei_WAMM32592;Paruromys_dominator_JAE4870;Rattus_argentiventer_LSUMZ38199;Rattus_colletti_RAT25;Rattus_exulans_sample1;Rattus_hoffmanni_LSUMZ39187;Rattus_leucopus_sample1;Rattus_lutreolus_sample2;Rattus_morotaiensis_ASAM29;Rattus_praetor_sample1;Rattus_tunneyi_RAT130;Rattus_villosissimus_sample1;Rattus_xanthurus_LSUMZ39196;rnor6;Saxatilomys_paulinae_ABTC116266;Sundamys_annandalei_YS118;Sundamys_muelleri_JAE1283;Taeromys_callitrichus_LSUMZ37153;Taeromys_celebensis_NMVZ20637;Taeromys_hamatus_NMVZ63317;Taeromys_punicans_MVZ225815;Taeromys_taerae_LSUMZ39224;Tarsomys_apoensis_KU167148","internal",0.00217893,"100/32.5/35.4",100,32.5,35.4
201,"Bandicota_indica_ABTC119185;Berylmys_bowersi_ABTC116431;Berylmys_mackenziei_ABTC116402;Bullimus_bagobus_JAE1712;Bunomys_andrewsi_sample1;Bunomys_chrysocomus_JAE4867;Bunomys_torajae_NMVZ21736;Eropeplus_canus_NMVZ21733;Genus_sp-nov_NMVZ21816;Halmaheramys_bokimekot_33262-WD225;Kadarsanomys_sodyi_MZB-Sample;Lenomys_meyeri_LSUMZ39079;Limnomys_sibuanus_FMNH147948;Nesokia_indica_ABTC117074;Papagomys_armandvillei_WAMM32592;Paruromys_dominator_JAE4870;Rattus_argentiventer_LSUMZ38199;Rattus_colletti_RAT25;Rattus_exulans_sample1;Rattus_hoffmanni_LSUMZ39187;Rattus_leucopus_sample1;Rattus_lutreolus_sample2;Rattus_morotaiensis_ASAM29;Rattus_praetor_sample1;Rattus_tunneyi_RAT130;Rattus_villosissimus_sample1;Rattus_xanthurus_LSUMZ39196;rnor6;Sundamys_annandalei_YS118;Sundamys_muelleri_JAE1283;Taeromys_callitrichus_LSUMZ37153;Taeromys_celebensis_NMVZ20637;Taeromys_hamatus_NMVZ63317;Taeromys_punicans_MVZ225815;Taeromys_taerae_LSUMZ39224;Tarsomys_apoensis_KU167148","internal",0.0116669,"100/69.4/68",100,69.4,68
202,"Bandicota_indica_ABTC119185;Bullimus_bagobus_JAE1712;Bunomys_andrewsi_sample1;Bunomys_chrysocomus_JAE4867;Bunomys_torajae_NMVZ21736;Eropeplus_canus_NMVZ21733;Genus_sp-nov_NMVZ21816;Halmaheramys_bokimekot_33262-WD225;Kadarsanomys_sodyi_MZB-Sample;Lenomys_meyeri_LSUMZ39079;Limnomys_sibuanus_FMNH147948;Nesokia_indica_ABTC117074;Papagomys_armandvillei_WAMM32592;Paruromys_dominator_JAE4870;Rattus_argentiventer_LSUMZ38199;Rattus_colletti_RAT25;Rattus_exulans_sample1;Rattus_hoffmanni_LSUMZ39187;Rattus_leucopus_sample1;Rattus_lutreolus_sample2;Rattus_morotaiensis_ASAM29;Rattus_praetor_sample1;Rattus_tunneyi_RAT130;Rattus_villosissimus_sample1;Rattus_xanthurus_LSUMZ39196;rnor6;Sundamys_annandalei_YS118;Sundamys_muelleri_JAE1283;Taeromys_callitrichus_LSUMZ37153;Taeromys_celebensis_NMVZ20637;Taeromys_hamatus_NMVZ63317;Taeromys_punicans_MVZ225815;Taeromys_taerae_LSUMZ39224;Tarsomys_apoensis_KU167148","internal",0.00637769,"100/55.5/61",100,55.5,61
203,"Bandicota_indica_ABTC119185;Kadarsanomys_sodyi_MZB-Sample;Limnomys_sibuanus_FMNH147948;Nesokia_indica_ABTC117074;Rattus_argentiventer_LSUMZ38199;Rattus_colletti_RAT25;Rattus_exulans_sample1;Rattus_hoffmanni_LSUMZ39187;Rattus_leucopus_sample1;Rattus_lutreolus_sample2;Rattus_morotaiensis_ASAM29;Rattus_praetor_sample1;Rattus_tunneyi_RAT130;Rattus_villosissimus_sample1;Rattus_xanthurus_LSUMZ39196;rnor6;Tarsomys_apoensis_KU167148","internal",0.00336269,"100/39.9/50.4",100,39.9,50.4
204,"Kadarsanomys_sodyi_MZB-Sample;Limnomys_sibuanus_FMNH147948;Rattus_argentiventer_LSUMZ38199;Rattus_colletti_RAT25;Rattus_exulans_sample1;Rattus_hoffmanni_LSUMZ39187;Rattus_leucopus_sample1;Rattus_lutreolus_sample2;Rattus_morotaiensis_ASAM29;Rattus_praetor_sample1;Rattus_tunneyi_RAT130;Rattus_villosissimus_sample1;Rattus_xanthurus_LSUMZ39196;rnor6;Tarsomys_apoensis_KU167148","internal",0.00205525,"100/29.8/45.9",100,29.8,45.9
205,"Rattus_argentiventer_LSUMZ38199;Rattus_exulans_sample1;Rattus_hoffmanni_LSUMZ39187;rnor6","internal",0.0023039,"100/32.6/50.6",100,32.6,50.6
206,"Rattus_argentiventer_LSUMZ38199;Rattus_hoffmanni_LSUMZ39187;rnor6","internal",0.000832316,"83/20.8/38.1",83,20.8,38.1
207,"Rattus_argentiventer_LSUMZ38199;Rattus_hoffmanni_LSUMZ39187","internal",0.00253796,"100/46.7/62.6",100,46.7,62.6
208,"Kadarsanomys_sodyi_MZB-Sample;Limnomys_sibuanus_FMNH147948;Rattus_colletti_RAT25;Rattus_leucopus_sample1;Rattus_lutreolus_sample2;Rattus_morotaiensis_ASAM29;Rattus_praetor_sample1;Rattus_tunneyi_RAT130;Rattus_villosissimus_sample1;Rattus_xanthurus_LSUMZ39196;Tarsomys_apoensis_KU167148","internal",0.00102623,"100/16.9/38.9",100,16.9,38.9
209,"Limnomys_sibuanus_FMNH147948;Rattus_colletti_RAT25;Rattus_leucopus_sample1;Rattus_lutreolus_sample2;Rattus_morotaiensis_ASAM29;Rattus_praetor_sample1;Rattus_tunneyi_RAT130;Rattus_villosissimus_sample1;Rattus_xanthurus_LSUMZ39196;Tarsomys_apoensis_KU167148","internal",0.00114599,"100/21.7/42",100,21.7,42
210,"Limnomys_sibuanus_FMNH147948;Tarsomys_apoensis_KU167148","internal",0.00352638,"100/56.9/64.9",100,56.9,64.9
211,"Rattus_colletti_RAT25;Rattus_leucopus_sample1;Rattus_lutreolus_sample2;Rattus_morotaiensis_ASAM29;Rattus_praetor_sample1;Rattus_tunneyi_RAT130;Rattus_villosissimus_sample1;Rattus_xanthurus_LSUMZ39196","internal",0.00252559,"100/42.2/56.3",100,42.2,56.3
212,"Rattus_colletti_RAT25;Rattus_leucopus_sample1;Rattus_lutreolus_sample2;Rattus_morotaiensis_ASAM29;Rattus_praetor_sample1;Rattus_tunneyi_RAT130;Rattus_villosissimus_sample1","internal",0.00188302,"100/42.1/49.5",100,42.1,49.5
213,"Rattus_colletti_RAT25;Rattus_leucopus_sample1;Rattus_lutreolus_sample2;Rattus_praetor_sample1;Rattus_tunneyi_RAT130;Rattus_villosissimus_sample1","internal",0.0018589,"100/26.8/52.9",100,26.8,52.9
214,"Rattus_colletti_RAT25;Rattus_lutreolus_sample2;Rattus_tunneyi_RAT130;Rattus_villosissimus_sample1","internal",0.00151141,"100/26.3/43.6",100,26.3,43.6
215,"Rattus_colletti_RAT25;Rattus_villosissimus_sample1","internal",0.00224717,"100/48.8/51.8",100,48.8,51.8
216,"Rattus_lutreolus_sample2;Rattus_tunneyi_RAT130","internal",0.00101005,"100/17.3/35.3",100,17.3,35.3
217,"Rattus_leucopus_sample1;Rattus_praetor_sample1","internal",0.00189754,"100/16.7/41.9",100,16.7,41.9
218,"Bandicota_indica_ABTC119185;Nesokia_indica_ABTC117074","internal",0.00925269,"100/75.9/78.4",100,75.9,78.4
219,"Bullimus_bagobus_JAE1712;Bunomys_andrewsi_sample1;Bunomys_chrysocomus_JAE4867;Bunomys_torajae_NMVZ21736;Eropeplus_canus_NMVZ21733;Genus_sp-nov_NMVZ21816;Halmaheramys_bokimekot_33262-WD225;Lenomys_meyeri_LSUMZ39079;Papagomys_armandvillei_WAMM32592;Paruromys_dominator_JAE4870;Sundamys_annandalei_YS118;Sundamys_muelleri_JAE1283;Taeromys_callitrichus_LSUMZ37153;Taeromys_celebensis_NMVZ20637;Taeromys_hamatus_NMVZ63317;Taeromys_punicans_MVZ225815;Taeromys_taerae_LSUMZ39224","internal",0.00191451,"100/26.3/45.7",100,26.3,45.7
220,"Bullimus_bagobus_JAE1712;Bunomys_andrewsi_sample1;Bunomys_chrysocomus_JAE4867;Bunomys_torajae_NMVZ21736;Eropeplus_canus_NMVZ21733;Genus_sp-nov_NMVZ21816;Halmaheramys_bokimekot_33262-WD225;Lenomys_meyeri_LSUMZ39079;Papagomys_armandvillei_WAMM32592;Paruromys_dominator_JAE4870;Taeromys_callitrichus_LSUMZ37153;Taeromys_celebensis_NMVZ20637;Taeromys_hamatus_NMVZ63317;Taeromys_punicans_MVZ225815;Taeromys_taerae_LSUMZ39224","internal",0.000994241,"100/16.6/44.3",100,16.6,44.3
221,"Bullimus_bagobus_JAE1712;Bunomys_andrewsi_sample1;Bunomys_chrysocomus_JAE4867;Bunomys_torajae_NMVZ21736;Eropeplus_canus_NMVZ21733;Genus_sp-nov_NMVZ21816;Halmaheramys_bokimekot_33262-WD225;Lenomys_meyeri_LSUMZ39079;Paruromys_dominator_JAE4870;Taeromys_callitrichus_LSUMZ37153;Taeromys_celebensis_NMVZ20637;Taeromys_hamatus_NMVZ63317;Taeromys_punicans_MVZ225815;Taeromys_taerae_LSUMZ39224","internal",0.000344006,"100/6.95/32.6",100,6.95,32.6
222,"Bunomys_andrewsi_sample1;Bunomys_chrysocomus_JAE4867;Bunomys_torajae_NMVZ21736;Eropeplus_canus_NMVZ21733;Genus_sp-nov_NMVZ21816;Halmaheramys_bokimekot_33262-WD225;Lenomys_meyeri_LSUMZ39079;Paruromys_dominator_JAE4870;Taeromys_callitrichus_LSUMZ37153;Taeromys_celebensis_NMVZ20637;Taeromys_hamatus_NMVZ63317;Taeromys_punicans_MVZ225815;Taeromys_taerae_LSUMZ39224","internal",0.000393311,"100/8.45/42.3",100,8.45,42.3
223,"Bunomys_andrewsi_sample1;Bunomys_chrysocomus_JAE4867;Bunomys_torajae_NMVZ21736;Eropeplus_canus_NMVZ21733;Genus_sp-nov_NMVZ21816;Lenomys_meyeri_LSUMZ39079;Paruromys_dominator_JAE4870;Taeromys_callitrichus_LSUMZ37153;Taeromys_celebensis_NMVZ20637;Taeromys_hamatus_NMVZ63317;Taeromys_punicans_MVZ225815;Taeromys_taerae_LSUMZ39224","internal",0.000644942,"100/13/37.1",100,13,37.1
224,"Eropeplus_canus_NMVZ21733;Genus_sp-nov_NMVZ21816;Lenomys_meyeri_LSUMZ39079;Paruromys_dominator_JAE4870;Taeromys_callitrichus_LSUMZ37153;Taeromys_celebensis_NMVZ20637;Taeromys_hamatus_NMVZ63317;Taeromys_punicans_MVZ225815;Taeromys_taerae_LSUMZ39224","internal",0.00091212,"100/15.9/48",100,15.9,48
225,"Eropeplus_canus_NMVZ21733;Genus_sp-nov_NMVZ21816;Lenomys_meyeri_LSUMZ39079;Paruromys_dominator_JAE4870;Taeromys_celebensis_NMVZ20637","internal",0.000440589,"100/9.32/34.9",100,9.32,34.9
226,"Eropeplus_canus_NMVZ21733;Lenomys_meyeri_LSUMZ39079;Paruromys_dominator_JAE4870;Taeromys_celebensis_NMVZ20637","internal",0.00107347,"100/17.8/45",100,17.8,45
227,"Paruromys_dominator_JAE4870;Taeromys_celebensis_NMVZ20637","internal",0.00143426,"100/24.8/39",100,24.8,39
228,"Eropeplus_canus_NMVZ21733;Lenomys_meyeri_LSUMZ39079","internal",0.000576422,"96/14.6/38.2",96,14.6,38.2
229,"Taeromys_callitrichus_LSUMZ37153;Taeromys_hamatus_NMVZ63317;Taeromys_punicans_MVZ225815;Taeromys_taerae_LSUMZ39224","internal",0.00249505,"100/41.6/58.7",100,41.6,58.7
230,"Taeromys_hamatus_NMVZ63317;Taeromys_taerae_LSUMZ39224","internal",0.00262705,"100/47.4/58.1",100,47.4,58.1
231,"Taeromys_callitrichus_LSUMZ37153;Taeromys_punicans_MVZ225815","internal",0.0036796,"100/71/79.1",100,71,79.1
232,"Bunomys_andrewsi_sample1;Bunomys_chrysocomus_JAE4867;Bunomys_torajae_NMVZ21736","internal",0.00321773,"100/43.4/52.6",100,43.4,52.6
233,"Bunomys_andrewsi_sample1;Bunomys_torajae_NMVZ21736","internal",0.000952885,"100/15.2/28.4",100,15.2,28.4
234,"Sundamys_annandalei_YS118;Sundamys_muelleri_JAE1283","internal",0.00517198,"100/57.3/64.3",100,57.3,64.3
235,"Berylmys_bowersi_ABTC116431;Berylmys_mackenziei_ABTC116402","internal",0.0192075,"100/88.4/92.7",100,88.4,92.7
236,"Anonymomys_mindorensis_FMNH2222010;Leopoldomys_sabanus_Z25191;Margaretamys_christinae_TMar1;Margaretamys_parvus_NMVZ21833;Niviventer_bukit_LSUMZ38136;Niviventer_lepturus_JAE4746;Niviventer_rapit_LSUMZ38196;Saxatilomys_paulinae_ABTC116266","internal",0.00774569,"100/70.5/61",100,70.5,61
237,"Anonymomys_mindorensis_FMNH2222010;Leopoldomys_sabanus_Z25191;Margaretamys_christinae_TMar1;Margaretamys_parvus_NMVZ21833;Niviventer_bukit_LSUMZ38136;Niviventer_lepturus_JAE4746;Niviventer_rapit_LSUMZ38196","internal",0.00289283,"100/50.8/47.8",100,50.8,47.8
238,"Anonymomys_mindorensis_FMNH2222010;Leopoldomys_sabanus_Z25191;Niviventer_bukit_LSUMZ38136;Niviventer_lepturus_JAE4746;Niviventer_rapit_LSUMZ38196","internal",0.00283278,"100/49.1/46.7",100,49.1,46.7
239,"Anonymomys_mindorensis_FMNH2222010;Niviventer_bukit_LSUMZ38136;Niviventer_lepturus_JAE4746;Niviventer_rapit_LSUMZ38196","internal",0.00198782,"100/43.1/41.9",100,43.1,41.9
240,"Niviventer_bukit_LSUMZ38136;Niviventer_lepturus_JAE4746;Niviventer_rapit_LSUMZ38196","internal",0.00804749,"100/77/70.3",100,77,70.3
241,"Niviventer_bukit_LSUMZ38136;Niviventer_rapit_LSUMZ38196","internal",0.010901,"100/91/92.6",100,91,92.6
242,"Margaretamys_christinae_TMar1;Margaretamys_parvus_NMVZ21833","internal",0.00746727,"100/80.2/79",100,80.2,79
243,"Echiothrix_centrosa_Z27993;Gracilimus_radix_Z08508;Hyorhinomys_stuempkei_JAE4661;Melasmothrix_naso_Z21808;Paucidentomys_vermidax_Z21914;Sommeromys_macrorhinos_Z21740;Tateomys_macrocercus_Z21834;Tateomys_rhinogradoides_Z21785;Waiomys_mamasae_Z20624","internal",0.00505906,"100/55.2/60.5",100,55.2,60.5
244,"Echiothrix_centrosa_Z27993;Melasmothrix_naso_Z21808;Paucidentomys_vermidax_Z21914;Tateomys_macrocercus_Z21834;Tateomys_rhinogradoides_Z21785","internal",0.00127349,"100/25.6/45.2",100,25.6,45.2
245,"Echiothrix_centrosa_Z27993;Paucidentomys_vermidax_Z21914","internal",0.0014945,"100/30.2/39.4",100,30.2,39.4
246,"Melasmothrix_naso_Z21808;Tateomys_macrocercus_Z21834;Tateomys_rhinogradoides_Z21785","internal",0.00440079,"100/58.6/66.1",100,58.6,66.1
247,"Melasmothrix_naso_Z21808;Tateomys_macrocercus_Z21834","internal",0.000959111,"100/29.3/37.2",100,29.3,37.2
248,"Gracilimus_radix_Z08508;Hyorhinomys_stuempkei_JAE4661;Sommeromys_macrorhinos_Z21740;Waiomys_mamasae_Z20624","internal",0.00050271,"100/17/33.6",100,17,33.6
249,"Gracilimus_radix_Z08508;Sommeromys_macrorhinos_Z21740;Waiomys_mamasae_Z20624","internal",0.00050535,"100/18.6/31.7",100,18.6,31.7
250,"Gracilimus_radix_Z08508;Waiomys_mamasae_Z20624","internal",0.0138047,"100/87.4/84.5",100,87.4,84.5
251,"Crunomys_celebensis_Z21894;Crunomys_melanius_KU168558;Maxomys_musschenbroekii_sample1;Maxomys_surifer_JAE3632","internal",0.0121536,"100/79.2/66.8",100,79.2,66.8
252,"Crunomys_celebensis_Z21894;Crunomys_melanius_KU168558;Maxomys_musschenbroekii_sample1","internal",0.00586096,"100/65.2/56.7",100,65.2,56.7
253,"Crunomys_celebensis_Z21894;Crunomys_melanius_KU168558","internal",0.013259,"100/88.1/86.4",100,88.1,86.4
254,"Abeomelomys_sevia_KUM161018;Aethomys_hindei_MVZ196257;Aethomys_nyikae_FMNH196708;Anisomys_imitator_ABTC45107;Apodemus_sylvaticus_SMG3823;Apomys_lubangensis_JAE169;Archboldomys_luzonensis_EAR1826;Arvicanthus_neumanni_FMNH158037;Arvicanthus_niloticus_MNHN1999201;Chiropodomys_gliroides_Z25153;Chiruromys_vates_ABTC43096;Chrotomys_mindorensis_JAE520;Chrotomys_whiteheadi_KU168311;Coccymys_ruemmleri_ABTC49489;Colomys_goslingi_TCD4175;Conilurus_albipes_NMV-c7585;Conilurus_penicillatus_M14056;Crossomys_moncktoni_ABTC46614;Dasymys_incomtus_LSUMZ37702;Dasymys_montanus_FMNH144389;Dephomys_defua_MNHNR24062;Grammomys_dryas_LSUMZ37716;Haeromys_minahassae_JAE4996;Heimyscus_fumosus_FMNH167810;Hybomys_lunaris_LSUMZ37734;Hybomys_planifrons_R24117;Hybomys_univittatus_TCD4026;Hydromys_chrysogaster_Z5248;Hydromys_sp-nov_YS391;Hylomyscus_stella_LSUMZ37742;Hylomyscus_vulcanorum_TCD4382;Hyomys_goliath_ABTC42697;Leggadina_forresti_WAMM62323;Leggadina_lakedownensis_WAMM21623;Lemniscomys_striatus_TCD4711;Leporillus_apicalis_C90;Leporillus_conditor_ABTC13335;Leptomys_elegans_ABTC45741;Lorentzimys_nouhuysi_ABTC-46314;Macruromys_major_ABTC43909;Malacomys_longipes_TCD4253;Mallomys_rothschildi_ABTC47402;Mammelomys_lanosus_ABTC47208;Mastacomys_fuscus_M13957;Mastomys_natalensis_T4162;Melomys_rufescens_ABTC44798;Mesembriomys_gouldii_ABTC7449;Mesembriomys_macrurus_ABTC7337;Micaelemys_namaquensis_MNHN1987009;Microhydromys_richardsoni_ANWCM35851;Mirzamys_louiseae_ABTC133754;mm10;Mus_caroli_10460X9;Mus_cervicolor_10460X10;Mus_cookii_10460X3;Mus_macedonicus_10460X12;Mus_minutoides_10460X2;Mus_musculoides_LSUMZ37820;Mus_musculus-castaneus_10460X7;Mus_musculus-domesticus_10460X15;Mus_musculus-musculus_10460X14;Mus_musculus-reference_10460X5;Mus_pahari_10460X1;Mus_platythrix_10460X13;Mus_spicilegus_10460X11;Mus_spretus_10460X4;Mylomys_dybowskii_MNHN1997072;Myomyscus_verreauxii_MNHN1999102;Notomys_alexis_U1308;Notomys_aquilo_M-32455;Notomys_cervinus_M22857;Notomys_fuscus_M22830;Notomys_mitchellii_M21518;Oenomys_hypoxanthus_LSUMZ37838;Otomys_denti_LSUMZ37840;Otomys_tropicalis_LSUMZ37841;Parahydromys_asper_ABTC45798;Paraleptomys_wilhelmina_H126-ABTC133716;Pelomys_isseli_FMNH137886;Pelomys_minor_FMNH219213;Pithecheir_melanurus_LSUMZ38198;Pogonomelomys_mayeri_AMM21849;Pogonomys_macrourus_ABTC43144;Praomys_degraaffi_TCD4312;Praomys_jacksoni_REC31;Pseudohydromys_pumehanae_ABTC43920;Pseudomys_albocinereus_WAMM18855;Pseudomys_apodemoides_M16672;Pseudomys_australis_M25541;Pseudomys_bolami_ABTC107389;Pseudomys_calabyi_U4324;Pseudomys_chapmani_WAMM29440;Pseudomys_delicatulus_U1509;Pseudomys_desertor_ABTC41464;Pseudomys_fumeus_ABTC08168;Pseudomys_gracilicaudatus_ABTC08163;Pseudomys_hermannsburgensis_ABTC08067;Pseudomys_higginsi_UC1421;Pseudomys_johnsoni_ABTC08053;Pseudomys_nanus_U1448;Pseudomys_novaehollandiae_ABTC08140;Pseudomys_occidentalis_ABTC08043;Pseudomys_oralis_RAT7;Pseudomys_patrius_JM10865;Pseudomys_shortridgei_Z25113;Rhabdomys_pumilio_MNHN1995065;Rhynchomys_isarogensis_JAE2195;Solomys_salebrosus_ABTC64864;Stochomys_longicaudatus_MNHN1999459;Thallomys_paedulcus_FMNH158089;Thamnomys_kempi_TCD4437;Thamnomys_venustus_LSUMZ37935;Uromys_caudimaculatus_DT10Uc01;Uromys_sp-nov_YS380;Vandeleuria_oleracea_ABTC116404;Xenuromys_barbatus_ABTC129204;Xeromys_myoides_ABTC30709;Zelotomys_woosnami_TTU-M115260;Zyzomys_argurus_ABTC61630;Zyzomys_maini_ABTC07900;Zyzomys_palatalis_ABTC30744;Zyzomys_pedunculatus_Z34925;Zyzomys_woodwardi_WAMM21724","internal",0.00351078,"100/38.2/39.3",100,38.2,39.3
255,"Abeomelomys_sevia_KUM161018;Anisomys_imitator_ABTC45107;Apomys_lubangensis_JAE169;Archboldomys_luzonensis_EAR1826;Chiropodomys_gliroides_Z25153;Chiruromys_vates_ABTC43096;Chrotomys_mindorensis_JAE520;Chrotomys_whiteheadi_KU168311;Coccymys_ruemmleri_ABTC49489;Conilurus_albipes_NMV-c7585;Conilurus_penicillatus_M14056;Crossomys_moncktoni_ABTC46614;Haeromys_minahassae_JAE4996;Hydromys_chrysogaster_Z5248;Hydromys_sp-nov_YS391;Hyomys_goliath_ABTC42697;Leggadina_forresti_WAMM62323;Leggadina_lakedownensis_WAMM21623;Leporillus_apicalis_C90;Leporillus_conditor_ABTC13335;Leptomys_elegans_ABTC45741;Lorentzimys_nouhuysi_ABTC-46314;Macruromys_major_ABTC43909;Mallomys_rothschildi_ABTC47402;Mammelomys_lanosus_ABTC47208;Mastacomys_fuscus_M13957;Melomys_rufescens_ABTC44798;Mesembriomys_gouldii_ABTC7449;Mesembriomys_macrurus_ABTC7337;Microhydromys_richardsoni_ANWCM35851;Mirzamys_louiseae_ABTC133754;Notomys_alexis_U1308;Notomys_aquilo_M-32455;Notomys_cervinus_M22857;Notomys_fuscus_M22830;Notomys_mitchellii_M21518;Parahydromys_asper_ABTC45798;Paraleptomys_wilhelmina_H126-ABTC133716;Pogonomelomys_mayeri_AMM21849;Pogonomys_macrourus_ABTC43144;Pseudohydromys_pumehanae_ABTC43920;Pseudomys_albocinereus_WAMM18855;Pseudomys_apodemoides_M16672;Pseudomys_australis_M25541;Pseudomys_bolami_ABTC107389;Pseudomys_calabyi_U4324;Pseudomys_chapmani_WAMM29440;Pseudomys_delicatulus_U1509;Pseudomys_desertor_ABTC41464;Pseudomys_fumeus_ABTC08168;Pseudomys_gracilicaudatus_ABTC08163;Pseudomys_hermannsburgensis_ABTC08067;Pseudomys_higginsi_UC1421;Pseudomys_johnsoni_ABTC08053;Pseudomys_nanus_U1448;Pseudomys_novaehollandiae_ABTC08140;Pseudomys_occidentalis_ABTC08043;Pseudomys_oralis_RAT7;Pseudomys_patrius_JM10865;Pseudomys_shortridgei_Z25113;Rhynchomys_isarogensis_JAE2195;Solomys_salebrosus_ABTC64864;Uromys_caudimaculatus_DT10Uc01;Uromys_sp-nov_YS380;Xenuromys_barbatus_ABTC129204;Xeromys_myoides_ABTC30709;Zyzomys_argurus_ABTC61630;Zyzomys_maini_ABTC07900;Zyzomys_palatalis_ABTC30744;Zyzomys_pedunculatus_Z34925;Zyzomys_woodwardi_WAMM21724","internal",0.0102787,"100/63.7/54",100,63.7,54
256,"Abeomelomys_sevia_KUM161018;Anisomys_imitator_ABTC45107;Apomys_lubangensis_JAE169;Archboldomys_luzonensis_EAR1826;Chiruromys_vates_ABTC43096;Chrotomys_mindorensis_JAE520;Chrotomys_whiteheadi_KU168311;Coccymys_ruemmleri_ABTC49489;Conilurus_albipes_NMV-c7585;Conilurus_penicillatus_M14056;Crossomys_moncktoni_ABTC46614;Haeromys_minahassae_JAE4996;Hydromys_chrysogaster_Z5248;Hydromys_sp-nov_YS391;Hyomys_goliath_ABTC42697;Leggadina_forresti_WAMM62323;Leggadina_lakedownensis_WAMM21623;Leporillus_apicalis_C90;Leporillus_conditor_ABTC13335;Leptomys_elegans_ABTC45741;Lorentzimys_nouhuysi_ABTC-46314;Macruromys_major_ABTC43909;Mallomys_rothschildi_ABTC47402;Mammelomys_lanosus_ABTC47208;Mastacomys_fuscus_M13957;Melomys_rufescens_ABTC44798;Mesembriomys_gouldii_ABTC7449;Mesembriomys_macrurus_ABTC7337;Microhydromys_richardsoni_ANWCM35851;Mirzamys_louiseae_ABTC133754;Notomys_alexis_U1308;Notomys_aquilo_M-32455;Notomys_cervinus_M22857;Notomys_fuscus_M22830;Notomys_mitchellii_M21518;Parahydromys_asper_ABTC45798;Paraleptomys_wilhelmina_H126-ABTC133716;Pogonomelomys_mayeri_AMM21849;Pogonomys_macrourus_ABTC43144;Pseudohydromys_pumehanae_ABTC43920;Pseudomys_albocinereus_WAMM18855;Pseudomys_apodemoides_M16672;Pseudomys_australis_M25541;Pseudomys_bolami_ABTC107389;Pseudomys_calabyi_U4324;Pseudomys_chapmani_WAMM29440;Pseudomys_delicatulus_U1509;Pseudomys_desertor_ABTC41464;Pseudomys_fumeus_ABTC08168;Pseudomys_gracilicaudatus_ABTC08163;Pseudomys_hermannsburgensis_ABTC08067;Pseudomys_higginsi_UC1421;Pseudomys_johnsoni_ABTC08053;Pseudomys_nanus_U1448;Pseudomys_novaehollandiae_ABTC08140;Pseudomys_occidentalis_ABTC08043;Pseudomys_oralis_RAT7;Pseudomys_patrius_JM10865;Pseudomys_shortridgei_Z25113;Rhynchomys_isarogensis_JAE2195;Solomys_salebrosus_ABTC64864;Uromys_caudimaculatus_DT10Uc01;Uromys_sp-nov_YS380;Xenuromys_barbatus_ABTC129204;Xeromys_myoides_ABTC30709;Zyzomys_argurus_ABTC61630;Zyzomys_maini_ABTC07900;Zyzomys_palatalis_ABTC30744;Zyzomys_pedunculatus_Z34925;Zyzomys_woodwardi_WAMM21724","internal",0.00721661,"100/60.7/52.5",100,60.7,52.5
257,"Abeomelomys_sevia_KUM161018;Anisomys_imitator_ABTC45107;Apomys_lubangensis_JAE169;Archboldomys_luzonensis_EAR1826;Chiruromys_vates_ABTC43096;Chrotomys_mindorensis_JAE520;Chrotomys_whiteheadi_KU168311;Coccymys_ruemmleri_ABTC49489;Conilurus_albipes_NMV-c7585;Conilurus_penicillatus_M14056;Crossomys_moncktoni_ABTC46614;Hydromys_chrysogaster_Z5248;Hydromys_sp-nov_YS391;Hyomys_goliath_ABTC42697;Leggadina_forresti_WAMM62323;Leggadina_lakedownensis_WAMM21623;Leporillus_apicalis_C90;Leporillus_conditor_ABTC13335;Leptomys_elegans_ABTC45741;Lorentzimys_nouhuysi_ABTC-46314;Macruromys_major_ABTC43909;Mallomys_rothschildi_ABTC47402;Mammelomys_lanosus_ABTC47208;Mastacomys_fuscus_M13957;Melomys_rufescens_ABTC44798;Mesembriomys_gouldii_ABTC7449;Mesembriomys_macrurus_ABTC7337;Microhydromys_richardsoni_ANWCM35851;Mirzamys_louiseae_ABTC133754;Notomys_alexis_U1308;Notomys_aquilo_M-32455;Notomys_cervinus_M22857;Notomys_fuscus_M22830;Notomys_mitchellii_M21518;Parahydromys_asper_ABTC45798;Paraleptomys_wilhelmina_H126-ABTC133716;Pogonomelomys_mayeri_AMM21849;Pogonomys_macrourus_ABTC43144;Pseudohydromys_pumehanae_ABTC43920;Pseudomys_albocinereus_WAMM18855;Pseudomys_apodemoides_M16672;Pseudomys_australis_M25541;Pseudomys_bolami_ABTC107389;Pseudomys_calabyi_U4324;Pseudomys_chapmani_WAMM29440;Pseudomys_delicatulus_U1509;Pseudomys_desertor_ABTC41464;Pseudomys_fumeus_ABTC08168;Pseudomys_gracilicaudatus_ABTC08163;Pseudomys_hermannsburgensis_ABTC08067;Pseudomys_higginsi_UC1421;Pseudomys_johnsoni_ABTC08053;Pseudomys_nanus_U1448;Pseudomys_novaehollandiae_ABTC08140;Pseudomys_occidentalis_ABTC08043;Pseudomys_oralis_RAT7;Pseudomys_patrius_JM10865;Pseudomys_shortridgei_Z25113;Rhynchomys_isarogensis_JAE2195;Solomys_salebrosus_ABTC64864;Uromys_caudimaculatus_DT10Uc01;Uromys_sp-nov_YS380;Xenuromys_barbatus_ABTC129204;Xeromys_myoides_ABTC30709;Zyzomys_argurus_ABTC61630;Zyzomys_maini_ABTC07900;Zyzomys_palatalis_ABTC30744;Zyzomys_pedunculatus_Z34925;Zyzomys_woodwardi_WAMM21724","internal",0.0040258,"100/46/45.2",100,46,45.2
258,"Abeomelomys_sevia_KUM161018;Anisomys_imitator_ABTC45107;Chiruromys_vates_ABTC43096;Coccymys_ruemmleri_ABTC49489;Conilurus_albipes_NMV-c7585;Conilurus_penicillatus_M14056;Crossomys_moncktoni_ABTC46614;Hydromys_chrysogaster_Z5248;Hydromys_sp-nov_YS391;Hyomys_goliath_ABTC42697;Leggadina_forresti_WAMM62323;Leggadina_lakedownensis_WAMM21623;Leporillus_apicalis_C90;Leporillus_conditor_ABTC13335;Leptomys_elegans_ABTC45741;Lorentzimys_nouhuysi_ABTC-46314;Macruromys_major_ABTC43909;Mallomys_rothschildi_ABTC47402;Mammelomys_lanosus_ABTC47208;Mastacomys_fuscus_M13957;Melomys_rufescens_ABTC44798;Mesembriomys_gouldii_ABTC7449;Mesembriomys_macrurus_ABTC7337;Microhydromys_richardsoni_ANWCM35851;Mirzamys_louiseae_ABTC133754;Notomys_alexis_U1308;Notomys_aquilo_M-32455;Notomys_cervinus_M22857;Notomys_fuscus_M22830;Notomys_mitchellii_M21518;Parahydromys_asper_ABTC45798;Paraleptomys_wilhelmina_H126-ABTC133716;Pogonomelomys_mayeri_AMM21849;Pogonomys_macrourus_ABTC43144;Pseudohydromys_pumehanae_ABTC43920;Pseudomys_albocinereus_WAMM18855;Pseudomys_apodemoides_M16672;Pseudomys_australis_M25541;Pseudomys_bolami_ABTC107389;Pseudomys_calabyi_U4324;Pseudomys_chapmani_WAMM29440;Pseudomys_delicatulus_U1509;Pseudomys_desertor_ABTC41464;Pseudomys_fumeus_ABTC08168;Pseudomys_gracilicaudatus_ABTC08163;Pseudomys_hermannsburgensis_ABTC08067;Pseudomys_higginsi_UC1421;Pseudomys_johnsoni_ABTC08053;Pseudomys_nanus_U1448;Pseudomys_novaehollandiae_ABTC08140;Pseudomys_occidentalis_ABTC08043;Pseudomys_oralis_RAT7;Pseudomys_patrius_JM10865;Pseudomys_shortridgei_Z25113;Solomys_salebrosus_ABTC64864;Uromys_caudimaculatus_DT10Uc01;Uromys_sp-nov_YS380;Xenuromys_barbatus_ABTC129204;Xeromys_myoides_ABTC30709;Zyzomys_argurus_ABTC61630;Zyzomys_maini_ABTC07900;Zyzomys_palatalis_ABTC30744;Zyzomys_pedunculatus_Z34925;Zyzomys_woodwardi_WAMM21724","internal",0.00207543,"100/32.7/42",100,32.7,42
259,"Abeomelomys_sevia_KUM161018;Coccymys_ruemmleri_ABTC49489;Conilurus_albipes_NMV-c7585;Conilurus_penicillatus_M14056;Crossomys_moncktoni_ABTC46614;Hydromys_chrysogaster_Z5248;Hydromys_sp-nov_YS391;Leggadina_forresti_WAMM62323;Leggadina_lakedownensis_WAMM21623;Leporillus_apicalis_C90;Leporillus_conditor_ABTC13335;Leptomys_elegans_ABTC45741;Mallomys_rothschildi_ABTC47402;Mammelomys_lanosus_ABTC47208;Mastacomys_fuscus_M13957;Melomys_rufescens_ABTC44798;Mesembriomys_gouldii_ABTC7449;Mesembriomys_macrurus_ABTC7337;Microhydromys_richardsoni_ANWCM35851;Mirzamys_louiseae_ABTC133754;Notomys_alexis_U1308;Notomys_aquilo_M-32455;Notomys_cervinus_M22857;Notomys_fuscus_M22830;Notomys_mitchellii_M21518;Parahydromys_asper_ABTC45798;Paraleptomys_wilhelmina_H126-ABTC133716;Pogonomelomys_mayeri_AMM21849;Pseudohydromys_pumehanae_ABTC43920;Pseudomys_albocinereus_WAMM18855;Pseudomys_apodemoides_M16672;Pseudomys_australis_M25541;Pseudomys_bolami_ABTC107389;Pseudomys_calabyi_U4324;Pseudomys_chapmani_WAMM29440;Pseudomys_delicatulus_U1509;Pseudomys_desertor_ABTC41464;Pseudomys_fumeus_ABTC08168;Pseudomys_gracilicaudatus_ABTC08163;Pseudomys_hermannsburgensis_ABTC08067;Pseudomys_higginsi_UC1421;Pseudomys_johnsoni_ABTC08053;Pseudomys_nanus_U1448;Pseudomys_novaehollandiae_ABTC08140;Pseudomys_occidentalis_ABTC08043;Pseudomys_oralis_RAT7;Pseudomys_patrius_JM10865;Pseudomys_shortridgei_Z25113;Solomys_salebrosus_ABTC64864;Uromys_caudimaculatus_DT10Uc01;Uromys_sp-nov_YS380;Xenuromys_barbatus_ABTC129204;Xeromys_myoides_ABTC30709;Zyzomys_argurus_ABTC61630;Zyzomys_maini_ABTC07900;Zyzomys_palatalis_ABTC30744;Zyzomys_pedunculatus_Z34925;Zyzomys_woodwardi_WAMM21724","internal",0.00175595,"100/28.1/40.1",100,28.1,40.1
260,"Abeomelomys_sevia_KUM161018;Conilurus_albipes_NMV-c7585;Conilurus_penicillatus_M14056;Crossomys_moncktoni_ABTC46614;Hydromys_chrysogaster_Z5248;Hydromys_sp-nov_YS391;Leggadina_forresti_WAMM62323;Leggadina_lakedownensis_WAMM21623;Leporillus_apicalis_C90;Leporillus_conditor_ABTC13335;Leptomys_elegans_ABTC45741;Mallomys_rothschildi_ABTC47402;Mammelomys_lanosus_ABTC47208;Mastacomys_fuscus_M13957;Melomys_rufescens_ABTC44798;Mesembriomys_gouldii_ABTC7449;Mesembriomys_macrurus_ABTC7337;Microhydromys_richardsoni_ANWCM35851;Mirzamys_louiseae_ABTC133754;Notomys_alexis_U1308;Notomys_aquilo_M-32455;Notomys_cervinus_M22857;Notomys_fuscus_M22830;Notomys_mitchellii_M21518;Parahydromys_asper_ABTC45798;Paraleptomys_wilhelmina_H126-ABTC133716;Pogonomelomys_mayeri_AMM21849;Pseudohydromys_pumehanae_ABTC43920;Pseudomys_albocinereus_WAMM18855;Pseudomys_apodemoides_M16672;Pseudomys_australis_M25541;Pseudomys_bolami_ABTC107389;Pseudomys_calabyi_U4324;Pseudomys_chapmani_WAMM29440;Pseudomys_delicatulus_U1509;Pseudomys_desertor_ABTC41464;Pseudomys_fumeus_ABTC08168;Pseudomys_gracilicaudatus_ABTC08163;Pseudomys_hermannsburgensis_ABTC08067;Pseudomys_higginsi_UC1421;Pseudomys_johnsoni_ABTC08053;Pseudomys_nanus_U1448;Pseudomys_novaehollandiae_ABTC08140;Pseudomys_occidentalis_ABTC08043;Pseudomys_oralis_RAT7;Pseudomys_patrius_JM10865;Pseudomys_shortridgei_Z25113;Solomys_salebrosus_ABTC64864;Uromys_caudimaculatus_DT10Uc01;Uromys_sp-nov_YS380;Xenuromys_barbatus_ABTC129204;Xeromys_myoides_ABTC30709;Zyzomys_argurus_ABTC61630;Zyzomys_maini_ABTC07900;Zyzomys_palatalis_ABTC30744;Zyzomys_pedunculatus_Z34925;Zyzomys_woodwardi_WAMM21724","internal",0.000929686,"100/19.1/32.7",100,19.1,32.7
261,"Conilurus_albipes_NMV-c7585;Conilurus_penicillatus_M14056;Crossomys_moncktoni_ABTC46614;Hydromys_chrysogaster_Z5248;Hydromys_sp-nov_YS391;Leggadina_forresti_WAMM62323;Leggadina_lakedownensis_WAMM21623;Leporillus_apicalis_C90;Leporillus_conditor_ABTC13335;Leptomys_elegans_ABTC45741;Mastacomys_fuscus_M13957;Melomys_rufescens_ABTC44798;Mesembriomys_gouldii_ABTC7449;Mesembriomys_macrurus_ABTC7337;Microhydromys_richardsoni_ANWCM35851;Mirzamys_louiseae_ABTC133754;Notomys_alexis_U1308;Notomys_aquilo_M-32455;Notomys_cervinus_M22857;Notomys_fuscus_M22830;Notomys_mitchellii_M21518;Parahydromys_asper_ABTC45798;Paraleptomys_wilhelmina_H126-ABTC133716;Pseudohydromys_pumehanae_ABTC43920;Pseudomys_albocinereus_WAMM18855;Pseudomys_apodemoides_M16672;Pseudomys_australis_M25541;Pseudomys_bolami_ABTC107389;Pseudomys_calabyi_U4324;Pseudomys_chapmani_WAMM29440;Pseudomys_delicatulus_U1509;Pseudomys_desertor_ABTC41464;Pseudomys_fumeus_ABTC08168;Pseudomys_gracilicaudatus_ABTC08163;Pseudomys_hermannsburgensis_ABTC08067;Pseudomys_higginsi_UC1421;Pseudomys_johnsoni_ABTC08053;Pseudomys_nanus_U1448;Pseudomys_novaehollandiae_ABTC08140;Pseudomys_occidentalis_ABTC08043;Pseudomys_oralis_RAT7;Pseudomys_patrius_JM10865;Pseudomys_shortridgei_Z25113;Solomys_salebrosus_ABTC64864;Uromys_caudimaculatus_DT10Uc01;Uromys_sp-nov_YS380;Xeromys_myoides_ABTC30709;Zyzomys_argurus_ABTC61630;Zyzomys_maini_ABTC07900;Zyzomys_palatalis_ABTC30744;Zyzomys_pedunculatus_Z34925;Zyzomys_woodwardi_WAMM21724","internal",0.00776901,"100/61.5/61.1",100,61.5,61.1
262,"Conilurus_albipes_NMV-c7585;Conilurus_penicillatus_M14056;Leggadina_forresti_WAMM62323;Leggadina_lakedownensis_WAMM21623;Leporillus_apicalis_C90;Leporillus_conditor_ABTC13335;Mastacomys_fuscus_M13957;Melomys_rufescens_ABTC44798;Mesembriomys_gouldii_ABTC7449;Mesembriomys_macrurus_ABTC7337;Notomys_alexis_U1308;Notomys_aquilo_M-32455;Notomys_cervinus_M22857;Notomys_fuscus_M22830;Notomys_mitchellii_M21518;Pseudomys_albocinereus_WAMM18855;Pseudomys_apodemoides_M16672;Pseudomys_australis_M25541;Pseudomys_bolami_ABTC107389;Pseudomys_calabyi_U4324;Pseudomys_chapmani_WAMM29440;Pseudomys_delicatulus_U1509;Pseudomys_desertor_ABTC41464;Pseudomys_fumeus_ABTC08168;Pseudomys_gracilicaudatus_ABTC08163;Pseudomys_hermannsburgensis_ABTC08067;Pseudomys_higginsi_UC1421;Pseudomys_johnsoni_ABTC08053;Pseudomys_nanus_U1448;Pseudomys_novaehollandiae_ABTC08140;Pseudomys_occidentalis_ABTC08043;Pseudomys_oralis_RAT7;Pseudomys_patrius_JM10865;Pseudomys_shortridgei_Z25113;Solomys_salebrosus_ABTC64864;Uromys_caudimaculatus_DT10Uc01;Uromys_sp-nov_YS380;Zyzomys_argurus_ABTC61630;Zyzomys_maini_ABTC07900;Zyzomys_palatalis_ABTC30744;Zyzomys_pedunculatus_Z34925;Zyzomys_woodwardi_WAMM21724","internal",0.00475519,"100/52.2/55.9",100,52.2,55.9
263,"Leggadina_forresti_WAMM62323;Leggadina_lakedownensis_WAMM21623;Mastacomys_fuscus_M13957;Notomys_alexis_U1308;Notomys_aquilo_M-32455;Notomys_cervinus_M22857;Notomys_fuscus_M22830;Notomys_mitchellii_M21518;Pseudomys_albocinereus_WAMM18855;Pseudomys_apodemoides_M16672;Pseudomys_australis_M25541;Pseudomys_bolami_ABTC107389;Pseudomys_calabyi_U4324;Pseudomys_chapmani_WAMM29440;Pseudomys_delicatulus_U1509;Pseudomys_desertor_ABTC41464;Pseudomys_fumeus_ABTC08168;Pseudomys_gracilicaudatus_ABTC08163;Pseudomys_hermannsburgensis_ABTC08067;Pseudomys_higginsi_UC1421;Pseudomys_johnsoni_ABTC08053;Pseudomys_nanus_U1448;Pseudomys_novaehollandiae_ABTC08140;Pseudomys_occidentalis_ABTC08043;Pseudomys_oralis_RAT7;Pseudomys_patrius_JM10865;Pseudomys_shortridgei_Z25113;Zyzomys_argurus_ABTC61630;Zyzomys_maini_ABTC07900;Zyzomys_palatalis_ABTC30744;Zyzomys_pedunculatus_Z34925;Zyzomys_woodwardi_WAMM21724","internal",0.00216733,"100/31.9/44",100,31.9,44
264,"Zyzomys_argurus_ABTC61630;Zyzomys_maini_ABTC07900;Zyzomys_palatalis_ABTC30744;Zyzomys_pedunculatus_Z34925;Zyzomys_woodwardi_WAMM21724","internal",0.00789607,"100/64.6/72.7",100,64.6,72.7
265,"Zyzomys_pedunculatus_Z34925;Zyzomys_woodwardi_WAMM21724","internal",0.00163262,"100/36.5/44.4",100,36.5,44.4
266,"Zyzomys_argurus_ABTC61630;Zyzomys_maini_ABTC07900;Zyzomys_palatalis_ABTC30744","internal",0.00238752,"100/47.1/55.3",100,47.1,55.3
267,"Zyzomys_argurus_ABTC61630;Zyzomys_palatalis_ABTC30744","internal",0.00234312,"100/51.3/58",100,51.3,58
268,"Leggadina_forresti_WAMM62323;Leggadina_lakedownensis_WAMM21623;Mastacomys_fuscus_M13957;Notomys_alexis_U1308;Notomys_aquilo_M-32455;Notomys_cervinus_M22857;Notomys_fuscus_M22830;Notomys_mitchellii_M21518;Pseudomys_albocinereus_WAMM18855;Pseudomys_apodemoides_M16672;Pseudomys_australis_M25541;Pseudomys_bolami_ABTC107389;Pseudomys_calabyi_U4324;Pseudomys_chapmani_WAMM29440;Pseudomys_delicatulus_U1509;Pseudomys_desertor_ABTC41464;Pseudomys_fumeus_ABTC08168;Pseudomys_gracilicaudatus_ABTC08163;Pseudomys_hermannsburgensis_ABTC08067;Pseudomys_higginsi_UC1421;Pseudomys_johnsoni_ABTC08053;Pseudomys_nanus_U1448;Pseudomys_novaehollandiae_ABTC08140;Pseudomys_occidentalis_ABTC08043;Pseudomys_oralis_RAT7;Pseudomys_patrius_JM10865;Pseudomys_shortridgei_Z25113","internal",0.000643866,"100/17.1/34",100,17.1,34
269,"Mastacomys_fuscus_M13957;Notomys_alexis_U1308;Notomys_aquilo_M-32455;Notomys_cervinus_M22857;Notomys_fuscus_M22830;Notomys_mitchellii_M21518;Pseudomys_albocinereus_WAMM18855;Pseudomys_apodemoides_M16672;Pseudomys_australis_M25541;Pseudomys_bolami_ABTC107389;Pseudomys_calabyi_U4324;Pseudomys_chapmani_WAMM29440;Pseudomys_delicatulus_U1509;Pseudomys_desertor_ABTC41464;Pseudomys_fumeus_ABTC08168;Pseudomys_gracilicaudatus_ABTC08163;Pseudomys_hermannsburgensis_ABTC08067;Pseudomys_higginsi_UC1421;Pseudomys_johnsoni_ABTC08053;Pseudomys_nanus_U1448;Pseudomys_novaehollandiae_ABTC08140;Pseudomys_occidentalis_ABTC08043;Pseudomys_oralis_RAT7;Pseudomys_patrius_JM10865;Pseudomys_shortridgei_Z25113","internal",0.00386443,"100/45.2/57.9",100,45.2,57.9
270,"Mastacomys_fuscus_M13957;Pseudomys_albocinereus_WAMM18855;Pseudomys_apodemoides_M16672;Pseudomys_australis_M25541;Pseudomys_bolami_ABTC107389;Pseudomys_delicatulus_U1509;Pseudomys_desertor_ABTC41464;Pseudomys_fumeus_ABTC08168;Pseudomys_gracilicaudatus_ABTC08163;Pseudomys_hermannsburgensis_ABTC08067;Pseudomys_higginsi_UC1421;Pseudomys_nanus_U1448;Pseudomys_novaehollandiae_ABTC08140;Pseudomys_occidentalis_ABTC08043;Pseudomys_oralis_RAT7;Pseudomys_shortridgei_Z25113","internal",0.00153321,"100/24.7/45.2",100,24.7,45.2
271,"Mastacomys_fuscus_M13957;Pseudomys_albocinereus_WAMM18855;Pseudomys_apodemoides_M16672;Pseudomys_australis_M25541;Pseudomys_bolami_ABTC107389;Pseudomys_delicatulus_U1509;Pseudomys_desertor_ABTC41464;Pseudomys_fumeus_ABTC08168;Pseudomys_gracilicaudatus_ABTC08163;Pseudomys_hermannsburgensis_ABTC08067;Pseudomys_higginsi_UC1421;Pseudomys_nanus_U1448;Pseudomys_novaehollandiae_ABTC08140;Pseudomys_oralis_RAT7;Pseudomys_shortridgei_Z25113","internal",0.0014352,"100/17.5/41.8",100,17.5,41.8
272,"Mastacomys_fuscus_M13957;Pseudomys_australis_M25541;Pseudomys_bolami_ABTC107389;Pseudomys_delicatulus_U1509;Pseudomys_desertor_ABTC41464;Pseudomys_gracilicaudatus_ABTC08163;Pseudomys_hermannsburgensis_ABTC08067;Pseudomys_higginsi_UC1421;Pseudomys_nanus_U1448;Pseudomys_novaehollandiae_ABTC08140;Pseudomys_oralis_RAT7;Pseudomys_shortridgei_Z25113","internal",0.00106965,"100/11.4/39",100,11.4,39
273,"Pseudomys_desertor_ABTC41464;Pseudomys_gracilicaudatus_ABTC08163;Pseudomys_nanus_U1448;Pseudomys_oralis_RAT7;Pseudomys_shortridgei_Z25113","internal",0.000672357,"74/8.94/32.1",74,8.94,32.1
274,"Pseudomys_desertor_ABTC41464;Pseudomys_oralis_RAT7;Pseudomys_shortridgei_Z25113","internal",0.00144003,"100/26.5/49.9",100,26.5,49.9
275,"Pseudomys_desertor_ABTC41464;Pseudomys_shortridgei_Z25113","internal",0.00671971,"100/72.7/80.8",100,72.7,80.8
276,"Pseudomys_gracilicaudatus_ABTC08163;Pseudomys_nanus_U1448","internal",0.00913319,"100/75.6/82.7",100,75.6,82.7
277,"Mastacomys_fuscus_M13957;Pseudomys_australis_M25541;Pseudomys_bolami_ABTC107389;Pseudomys_delicatulus_U1509;Pseudomys_hermannsburgensis_ABTC08067;Pseudomys_higginsi_UC1421;Pseudomys_novaehollandiae_ABTC08140","internal",0.00157665,"100/19.9/47.9",100,19.9,47.9
278,"Mastacomys_fuscus_M13957;Pseudomys_bolami_ABTC107389;Pseudomys_delicatulus_U1509;Pseudomys_hermannsburgensis_ABTC08067;Pseudomys_higginsi_UC1421;Pseudomys_novaehollandiae_ABTC08140","internal",0.0011659,"100/20.9/40.5",100,20.9,40.5
279,"Pseudomys_bolami_ABTC107389;Pseudomys_delicatulus_U1509;Pseudomys_hermannsburgensis_ABTC08067;Pseudomys_higginsi_UC1421;Pseudomys_novaehollandiae_ABTC08140","internal",0.00107676,"100/25/42.9",100,25,42.9
280,"Pseudomys_bolami_ABTC107389;Pseudomys_delicatulus_U1509;Pseudomys_hermannsburgensis_ABTC08067;Pseudomys_novaehollandiae_ABTC08140","internal",0.00309687,"100/50.6/65.2",100,50.6,65.2
281,"Pseudomys_bolami_ABTC107389;Pseudomys_delicatulus_U1509;Pseudomys_novaehollandiae_ABTC08140","internal",0.00141792,"100/38.3/50.8",100,38.3,50.8
282,"Pseudomys_bolami_ABTC107389;Pseudomys_novaehollandiae_ABTC08140","internal",0.00075138,"100/27.2/38.1",100,27.2,38.1
283,"Pseudomys_albocinereus_WAMM18855;Pseudomys_apodemoides_M16672;Pseudomys_fumeus_ABTC08168","internal",0.00206868,"100/32/49",100,32,49
284,"Pseudomys_albocinereus_WAMM18855;Pseudomys_apodemoides_M16672","internal",0.00688157,"100/74.9/81.6",100,74.9,81.6
285,"Notomys_alexis_U1308;Notomys_aquilo_M-32455;Notomys_cervinus_M22857;Notomys_fuscus_M22830;Notomys_mitchellii_M21518;Pseudomys_calabyi_U4324;Pseudomys_chapmani_WAMM29440;Pseudomys_johnsoni_ABTC08053;Pseudomys_patrius_JM10865","internal",0.00116025,"100/22.1/39.6",100,22.1,39.6
286,"Pseudomys_calabyi_U4324;Pseudomys_chapmani_WAMM29440;Pseudomys_johnsoni_ABTC08053;Pseudomys_patrius_JM10865","internal",0.00668165,"100/65.6/75.1",100,65.6,75.1
287,"Pseudomys_chapmani_WAMM29440;Pseudomys_johnsoni_ABTC08053;Pseudomys_patrius_JM10865","internal",0.000946006,"100/30.4/39.1",100,30.4,39.1
288,"Pseudomys_johnsoni_ABTC08053;Pseudomys_patrius_JM10865","internal",0.00182677,"100/45.3/55.5",100,45.3,55.5
289,"Notomys_alexis_U1308;Notomys_aquilo_M-32455;Notomys_cervinus_M22857;Notomys_fuscus_M22830;Notomys_mitchellii_M21518","internal",0.00279353,"100/43.3/56.4",100,43.3,56.4
290,"Notomys_alexis_U1308;Notomys_aquilo_M-32455;Notomys_fuscus_M22830;Notomys_mitchellii_M21518","internal",0.00564795,"100/66.1/75.1",100,66.1,75.1
291,"Notomys_alexis_U1308;Notomys_fuscus_M22830;Notomys_mitchellii_M21518","internal",0.000774053,"81/21.8/36.9",81,21.8,36.9
292,"Notomys_alexis_U1308;Notomys_mitchellii_M21518","internal",0.00080302,"100/19/33.8",100,19,33.8
293,"Leggadina_forresti_WAMM62323;Leggadina_lakedownensis_WAMM21623","internal",0.0176175,"100/88.2/92.2",100,88.2,92.2
294,"Conilurus_albipes_NMV-c7585;Conilurus_penicillatus_M14056;Leporillus_apicalis_C90;Leporillus_conditor_ABTC13335;Melomys_rufescens_ABTC44798;Mesembriomys_gouldii_ABTC7449;Mesembriomys_macrurus_ABTC7337;Solomys_salebrosus_ABTC64864;Uromys_caudimaculatus_DT10Uc01;Uromys_sp-nov_YS380","internal",0.00185234,"100/30.9/43.7",100,30.9,43.7
295,"Melomys_rufescens_ABTC44798;Solomys_salebrosus_ABTC64864;Uromys_caudimaculatus_DT10Uc01;Uromys_sp-nov_YS380","internal",0.00180104,"100/34/45.2",100,34,45.2
296,"Uromys_caudimaculatus_DT10Uc01;Uromys_sp-nov_YS380","internal",0.00936734,"100/82.4/87.8",100,82.4,87.8
297,"Melomys_rufescens_ABTC44798;Solomys_salebrosus_ABTC64864","internal",0.00687478,"100/70.1/73.6",100,70.1,73.6
298,"Conilurus_albipes_NMV-c7585;Conilurus_penicillatus_M14056;Leporillus_apicalis_C90;Leporillus_conditor_ABTC13335;Mesembriomys_gouldii_ABTC7449;Mesembriomys_macrurus_ABTC7337","internal",0.00525892,"100/52.2/62.7",100,52.2,62.7
299,"Conilurus_albipes_NMV-c7585;Conilurus_penicillatus_M14056;Mesembriomys_gouldii_ABTC7449;Mesembriomys_macrurus_ABTC7337","internal",0.00233443,"100/44.2/50.5",100,44.2,50.5
300,"Mesembriomys_gouldii_ABTC7449;Mesembriomys_macrurus_ABTC7337","internal",0.00504538,"100/68.1/69",100,68.1,69
301,"Conilurus_albipes_NMV-c7585;Conilurus_penicillatus_M14056","internal",0.0015932,"100/39.8/44.6",100,39.8,44.6
302,"Leporillus_apicalis_C90;Leporillus_conditor_ABTC13335","internal",0.00336182,"100/34.3/54.3",100,34.3,54.3
303,"Crossomys_moncktoni_ABTC46614;Hydromys_chrysogaster_Z5248;Hydromys_sp-nov_YS391;Leptomys_elegans_ABTC45741;Microhydromys_richardsoni_ANWCM35851;Mirzamys_louiseae_ABTC133754;Parahydromys_asper_ABTC45798;Paraleptomys_wilhelmina_H126-ABTC133716;Pseudohydromys_pumehanae_ABTC43920;Xeromys_myoides_ABTC30709","internal",0.00850292,"100/70.6/71.3",100,70.6,71.3
304,"Leptomys_elegans_ABTC45741;Microhydromys_richardsoni_ANWCM35851;Mirzamys_louiseae_ABTC133754;Paraleptomys_wilhelmina_H126-ABTC133716;Pseudohydromys_pumehanae_ABTC43920;Xeromys_myoides_ABTC30709","internal",0.000997267,"100/24.7/42.4",100,24.7,42.4
305,"Leptomys_elegans_ABTC45741;Mirzamys_louiseae_ABTC133754;Paraleptomys_wilhelmina_H126-ABTC133716","internal",0.000694995,"100/18.6/40.2",100,18.6,40.2
306,"Leptomys_elegans_ABTC45741;Mirzamys_louiseae_ABTC133754","internal",0.000972083,"100/27.1/39.7",100,27.1,39.7
307,"Microhydromys_richardsoni_ANWCM35851;Pseudohydromys_pumehanae_ABTC43920;Xeromys_myoides_ABTC30709","internal",0.00177079,"100/37.4/46.5",100,37.4,46.5
308,"Microhydromys_richardsoni_ANWCM35851;Pseudohydromys_pumehanae_ABTC43920","internal",0.00317351,"100/58.8/64.2",100,58.8,64.2
309,"Crossomys_moncktoni_ABTC46614;Hydromys_chrysogaster_Z5248;Hydromys_sp-nov_YS391;Parahydromys_asper_ABTC45798","internal",0.00602911,"100/70.2/75.1",100,70.2,75.1
310,"Hydromys_chrysogaster_Z5248;Hydromys_sp-nov_YS391;Parahydromys_asper_ABTC45798","internal",0.00513981,"100/70.7/76.8",100,70.7,76.8
311,"Hydromys_chrysogaster_Z5248;Hydromys_sp-nov_YS391","internal",0.00169383,"100/47.7/53.2",100,47.7,53.2
312,"Abeomelomys_sevia_KUM161018;Mallomys_rothschildi_ABTC47402;Mammelomys_lanosus_ABTC47208;Pogonomelomys_mayeri_AMM21849;Xenuromys_barbatus_ABTC129204","internal",0.00547594,"100/57.2/57.4",100,57.2,57.4
313,"Abeomelomys_sevia_KUM161018;Mallomys_rothschildi_ABTC47402;Pogonomelomys_mayeri_AMM21849","internal",0.00178503,"100/38/44.9",100,38,44.9
314,"Abeomelomys_sevia_KUM161018;Pogonomelomys_mayeri_AMM21849","internal",0.0053355,"100/65.3/61",100,65.3,61
315,"Mammelomys_lanosus_ABTC47208;Xenuromys_barbatus_ABTC129204","internal",0.00583485,"100/65.6/60.6",100,65.6,60.6
316,"Anisomys_imitator_ABTC45107;Chiruromys_vates_ABTC43096;Hyomys_goliath_ABTC42697;Lorentzimys_nouhuysi_ABTC-46314;Macruromys_major_ABTC43909;Pogonomys_macrourus_ABTC43144","internal",0.000546353,"100/13.9/40.5",100,13.9,40.5
317,"Chiruromys_vates_ABTC43096;Hyomys_goliath_ABTC42697;Lorentzimys_nouhuysi_ABTC-46314;Macruromys_major_ABTC43909;Pogonomys_macrourus_ABTC43144","internal",0.000359836,"100/9.99/31.9",100,9.99,31.9
318,"Chiruromys_vates_ABTC43096;Hyomys_goliath_ABTC42697;Macruromys_major_ABTC43909;Pogonomys_macrourus_ABTC43144","internal",0.000520585,"100/12.6/39.1",100,12.6,39.1
319,"Chiruromys_vates_ABTC43096;Hyomys_goliath_ABTC42697;Pogonomys_macrourus_ABTC43144","internal",0.00109433,"100/22.1/39.5",100,22.1,39.5
320,"Hyomys_goliath_ABTC42697;Pogonomys_macrourus_ABTC43144","internal",0.00138565,"100/26.9/39.4",100,26.9,39.4
321,"Apomys_lubangensis_JAE169;Archboldomys_luzonensis_EAR1826;Chrotomys_mindorensis_JAE520;Chrotomys_whiteheadi_KU168311;Rhynchomys_isarogensis_JAE2195","internal",0.0115543,"100/75.4/66.1",100,75.4,66.1
322,"Archboldomys_luzonensis_EAR1826;Chrotomys_mindorensis_JAE520;Chrotomys_whiteheadi_KU168311;Rhynchomys_isarogensis_JAE2195","internal",0.00445366,"100/63.6/59.3",100,63.6,59.3
323,"Chrotomys_mindorensis_JAE520;Chrotomys_whiteheadi_KU168311;Rhynchomys_isarogensis_JAE2195","internal",0.00136456,"100/40.6/39.2",100,40.6,39.2
324,"Chrotomys_mindorensis_JAE520;Chrotomys_whiteheadi_KU168311","internal",0.0149437,"100/90.1/91.7",100,90.1,91.7
325,"Aethomys_hindei_MVZ196257;Aethomys_nyikae_FMNH196708;Apodemus_sylvaticus_SMG3823;Arvicanthus_neumanni_FMNH158037;Arvicanthus_niloticus_MNHN1999201;Colomys_goslingi_TCD4175;Dasymys_incomtus_LSUMZ37702;Dasymys_montanus_FMNH144389;Dephomys_defua_MNHNR24062;Grammomys_dryas_LSUMZ37716;Heimyscus_fumosus_FMNH167810;Hybomys_lunaris_LSUMZ37734;Hybomys_planifrons_R24117;Hybomys_univittatus_TCD4026;Hylomyscus_stella_LSUMZ37742;Hylomyscus_vulcanorum_TCD4382;Lemniscomys_striatus_TCD4711;Malacomys_longipes_TCD4253;Mastomys_natalensis_T4162;Micaelemys_namaquensis_MNHN1987009;mm10;Mus_caroli_10460X9;Mus_cervicolor_10460X10;Mus_cookii_10460X3;Mus_macedonicus_10460X12;Mus_minutoides_10460X2;Mus_musculoides_LSUMZ37820;Mus_musculus-castaneus_10460X7;Mus_musculus-domesticus_10460X15;Mus_musculus-musculus_10460X14;Mus_musculus-reference_10460X5;Mus_pahari_10460X1;Mus_platythrix_10460X13;Mus_spicilegus_10460X11;Mus_spretus_10460X4;Mylomys_dybowskii_MNHN1997072;Myomyscus_verreauxii_MNHN1999102;Oenomys_hypoxanthus_LSUMZ37838;Otomys_denti_LSUMZ37840;Otomys_tropicalis_LSUMZ37841;Pelomys_isseli_FMNH137886;Pelomys_minor_FMNH219213;Pithecheir_melanurus_LSUMZ38198;Praomys_degraaffi_TCD4312;Praomys_jacksoni_REC31;Rhabdomys_pumilio_MNHN1995065;Stochomys_longicaudatus_MNHN1999459;Thallomys_paedulcus_FMNH158089;Thamnomys_kempi_TCD4437;Thamnomys_venustus_LSUMZ37935;Vandeleuria_oleracea_ABTC116404;Zelotomys_woosnami_TTU-M115260","internal",0.00173056,"100/20.9/35.2",100,20.9,35.2
326,"Aethomys_hindei_MVZ196257;Aethomys_nyikae_FMNH196708;Arvicanthus_neumanni_FMNH158037;Arvicanthus_niloticus_MNHN1999201;Dasymys_incomtus_LSUMZ37702;Dasymys_montanus_FMNH144389;Dephomys_defua_MNHNR24062;Grammomys_dryas_LSUMZ37716;Hybomys_lunaris_LSUMZ37734;Hybomys_planifrons_R24117;Hybomys_univittatus_TCD4026;Lemniscomys_striatus_TCD4711;Micaelemys_namaquensis_MNHN1987009;Mylomys_dybowskii_MNHN1997072;Oenomys_hypoxanthus_LSUMZ37838;Otomys_denti_LSUMZ37840;Otomys_tropicalis_LSUMZ37841;Pelomys_isseli_FMNH137886;Pelomys_minor_FMNH219213;Pithecheir_melanurus_LSUMZ38198;Rhabdomys_pumilio_MNHN1995065;Stochomys_longicaudatus_MNHN1999459;Thallomys_paedulcus_FMNH158089;Thamnomys_kempi_TCD4437;Thamnomys_venustus_LSUMZ37935;Vandeleuria_oleracea_ABTC116404","internal",0.00282031,"100/31.6/38.2",100,31.6,38.2
327,"Aethomys_hindei_MVZ196257;Aethomys_nyikae_FMNH196708;Arvicanthus_neumanni_FMNH158037;Arvicanthus_niloticus_MNHN1999201;Dasymys_incomtus_LSUMZ37702;Dasymys_montanus_FMNH144389;Dephomys_defua_MNHNR24062;Grammomys_dryas_LSUMZ37716;Hybomys_lunaris_LSUMZ37734;Hybomys_planifrons_R24117;Hybomys_univittatus_TCD4026;Lemniscomys_striatus_TCD4711;Micaelemys_namaquensis_MNHN1987009;Mylomys_dybowskii_MNHN1997072;Oenomys_hypoxanthus_LSUMZ37838;Otomys_denti_LSUMZ37840;Otomys_tropicalis_LSUMZ37841;Pelomys_isseli_FMNH137886;Pelomys_minor_FMNH219213;Pithecheir_melanurus_LSUMZ38198;Rhabdomys_pumilio_MNHN1995065;Stochomys_longicaudatus_MNHN1999459;Thallomys_paedulcus_FMNH158089;Thamnomys_kempi_TCD4437;Thamnomys_venustus_LSUMZ37935","internal",0.00504179,"100/53.9/47",100,53.9,47
328,"Aethomys_hindei_MVZ196257;Aethomys_nyikae_FMNH196708;Arvicanthus_neumanni_FMNH158037;Arvicanthus_niloticus_MNHN1999201;Dasymys_incomtus_LSUMZ37702;Dasymys_montanus_FMNH144389;Dephomys_defua_MNHNR24062;Grammomys_dryas_LSUMZ37716;Hybomys_lunaris_LSUMZ37734;Hybomys_planifrons_R24117;Hybomys_univittatus_TCD4026;Lemniscomys_striatus_TCD4711;Micaelemys_namaquensis_MNHN1987009;Mylomys_dybowskii_MNHN1997072;Oenomys_hypoxanthus_LSUMZ37838;Otomys_denti_LSUMZ37840;Otomys_tropicalis_LSUMZ37841;Pelomys_isseli_FMNH137886;Pelomys_minor_FMNH219213;Rhabdomys_pumilio_MNHN1995065;Stochomys_longicaudatus_MNHN1999459;Thallomys_paedulcus_FMNH158089;Thamnomys_kempi_TCD4437;Thamnomys_venustus_LSUMZ37935","internal",0.0064167,"100/61.7/50",100,61.7,50
329,"Otomys_denti_LSUMZ37840;Otomys_tropicalis_LSUMZ37841","internal",0.0244301,"100/92/85.9",100,92,85.9
330,"Aethomys_hindei_MVZ196257;Aethomys_nyikae_FMNH196708;Arvicanthus_neumanni_FMNH158037;Arvicanthus_niloticus_MNHN1999201;Dasymys_incomtus_LSUMZ37702;Dasymys_montanus_FMNH144389;Dephomys_defua_MNHNR24062;Grammomys_dryas_LSUMZ37716;Hybomys_lunaris_LSUMZ37734;Hybomys_planifrons_R24117;Hybomys_univittatus_TCD4026;Lemniscomys_striatus_TCD4711;Micaelemys_namaquensis_MNHN1987009;Mylomys_dybowskii_MNHN1997072;Oenomys_hypoxanthus_LSUMZ37838;Pelomys_isseli_FMNH137886;Pelomys_minor_FMNH219213;Rhabdomys_pumilio_MNHN1995065;Stochomys_longicaudatus_MNHN1999459;Thallomys_paedulcus_FMNH158089;Thamnomys_kempi_TCD4437;Thamnomys_venustus_LSUMZ37935","internal",0.00624698,"100/58.6/53.5",100,58.6,53.5
331,"Aethomys_hindei_MVZ196257;Aethomys_nyikae_FMNH196708;Arvicanthus_neumanni_FMNH158037;Arvicanthus_niloticus_MNHN1999201;Dasymys_incomtus_LSUMZ37702;Dasymys_montanus_FMNH144389;Dephomys_defua_MNHNR24062;Grammomys_dryas_LSUMZ37716;Hybomys_lunaris_LSUMZ37734;Hybomys_planifrons_R24117;Hybomys_univittatus_TCD4026;Lemniscomys_striatus_TCD4711;Micaelemys_namaquensis_MNHN1987009;Mylomys_dybowskii_MNHN1997072;Pelomys_isseli_FMNH137886;Pelomys_minor_FMNH219213;Rhabdomys_pumilio_MNHN1995065;Stochomys_longicaudatus_MNHN1999459;Thallomys_paedulcus_FMNH158089;Thamnomys_kempi_TCD4437;Thamnomys_venustus_LSUMZ37935","internal",0.000934051,"100/15.4/33.7",100,15.4,33.7
332,"Aethomys_hindei_MVZ196257;Aethomys_nyikae_FMNH196708;Arvicanthus_neumanni_FMNH158037;Arvicanthus_niloticus_MNHN1999201;Dasymys_incomtus_LSUMZ37702;Dasymys_montanus_FMNH144389;Grammomys_dryas_LSUMZ37716;Lemniscomys_striatus_TCD4711;Micaelemys_namaquensis_MNHN1987009;Mylomys_dybowskii_MNHN1997072;Pelomys_isseli_FMNH137886;Pelomys_minor_FMNH219213;Rhabdomys_pumilio_MNHN1995065;Thallomys_paedulcus_FMNH158089;Thamnomys_kempi_TCD4437;Thamnomys_venustus_LSUMZ37935","internal",0.00111574,"100/15.4/37.1",100,15.4,37.1
333,"Arvicanthus_neumanni_FMNH158037;Arvicanthus_niloticus_MNHN1999201;Dasymys_incomtus_LSUMZ37702;Dasymys_montanus_FMNH144389;Lemniscomys_striatus_TCD4711;Mylomys_dybowskii_MNHN1997072;Pelomys_isseli_FMNH137886;Pelomys_minor_FMNH219213;Rhabdomys_pumilio_MNHN1995065","internal",0.00228714,"100/30.9/40",100,30.9,40
334,"Arvicanthus_neumanni_FMNH158037;Arvicanthus_niloticus_MNHN1999201;Lemniscomys_striatus_TCD4711;Mylomys_dybowskii_MNHN1997072;Pelomys_isseli_FMNH137886;Pelomys_minor_FMNH219213;Rhabdomys_pumilio_MNHN1995065","internal",0.00995113,"100/73.6/65",100,73.6,65
335,"Arvicanthus_neumanni_FMNH158037;Arvicanthus_niloticus_MNHN1999201;Lemniscomys_striatus_TCD4711;Mylomys_dybowskii_MNHN1997072;Pelomys_isseli_FMNH137886;Pelomys_minor_FMNH219213","internal",0.00222611,"100/45.6/43",100,45.6,43
336,"Arvicanthus_neumanni_FMNH158037;Arvicanthus_niloticus_MNHN1999201;Lemniscomys_striatus_TCD4711","internal",0.00591302,"100/69.4/60.5",100,69.4,60.5
337,"Arvicanthus_neumanni_FMNH158037;Arvicanthus_niloticus_MNHN1999201","internal",0.00843105,"100/83.3/78.8",100,83.3,78.8
338,"Mylomys_dybowskii_MNHN1997072;Pelomys_isseli_FMNH137886;Pelomys_minor_FMNH219213","internal",0.0044128,"100/65.4/58.5",100,65.4,58.5
339,"Pelomys_isseli_FMNH137886;Pelomys_minor_FMNH219213","internal",0.00476919,"100/73.6/65.3",100,73.6,65.3
340,"Dasymys_incomtus_LSUMZ37702;Dasymys_montanus_FMNH144389","internal",0.0254282,"100/93.8/96",100,93.8,96
341,"Aethomys_hindei_MVZ196257;Aethomys_nyikae_FMNH196708;Grammomys_dryas_LSUMZ37716;Micaelemys_namaquensis_MNHN1987009;Thallomys_paedulcus_FMNH158089;Thamnomys_kempi_TCD4437;Thamnomys_venustus_LSUMZ37935","internal",0.00125508,"100/18/39.1",100,18,39.1
342,"Aethomys_hindei_MVZ196257;Aethomys_nyikae_FMNH196708;Grammomys_dryas_LSUMZ37716;Thallomys_paedulcus_FMNH158089;Thamnomys_kempi_TCD4437;Thamnomys_venustus_LSUMZ37935","internal",0.00195265,"100/25.9/40.1",100,25.9,40.1
343,"Aethomys_hindei_MVZ196257;Aethomys_nyikae_FMNH196708","internal",0.0089769,"100/73.2/65",100,73.2,65
344,"Grammomys_dryas_LSUMZ37716;Thallomys_paedulcus_FMNH158089;Thamnomys_kempi_TCD4437;Thamnomys_venustus_LSUMZ37935","internal",0.000816788,"80/15.5/34.5",80,15.5,34.5
345,"Grammomys_dryas_LSUMZ37716;Thamnomys_kempi_TCD4437;Thamnomys_venustus_LSUMZ37935","internal",0.00276268,"100/40.8/44.2",100,40.8,44.2
346,"Thamnomys_kempi_TCD4437;Thamnomys_venustus_LSUMZ37935","internal",0.00437942,"100/60.3/55.8",100,60.3,55.8
347,"Dephomys_defua_MNHNR24062;Hybomys_lunaris_LSUMZ37734;Hybomys_planifrons_R24117;Hybomys_univittatus_TCD4026;Stochomys_longicaudatus_MNHN1999459","internal",0.00310654,"100/39.1/42.8",100,39.1,42.8
348,"Dephomys_defua_MNHNR24062;Hybomys_lunaris_LSUMZ37734;Hybomys_univittatus_TCD4026;Stochomys_longicaudatus_MNHN1999459","internal",0.00736114,"100/70.1/59.3",100,70.1,59.3
349,"Dephomys_defua_MNHNR24062;Stochomys_longicaudatus_MNHN1999459","internal",0.00493321,"100/68.6/58.4",100,68.6,58.4
350,"Hybomys_lunaris_LSUMZ37734;Hybomys_univittatus_TCD4026","internal",0.0241669,"100/92.4/94.6",100,92.4,94.6
351,"Apodemus_sylvaticus_SMG3823;Colomys_goslingi_TCD4175;Heimyscus_fumosus_FMNH167810;Hylomyscus_stella_LSUMZ37742;Hylomyscus_vulcanorum_TCD4382;Malacomys_longipes_TCD4253;Mastomys_natalensis_T4162;mm10;Mus_caroli_10460X9;Mus_cervicolor_10460X10;Mus_cookii_10460X3;Mus_macedonicus_10460X12;Mus_minutoides_10460X2;Mus_musculoides_LSUMZ37820;Mus_musculus-castaneus_10460X7;Mus_musculus-domesticus_10460X15;Mus_musculus-musculus_10460X14;Mus_musculus-reference_10460X5;Mus_pahari_10460X1;Mus_platythrix_10460X13;Mus_spicilegus_10460X11;Mus_spretus_10460X4;Myomyscus_verreauxii_MNHN1999102;Praomys_degraaffi_TCD4312;Praomys_jacksoni_REC31;Zelotomys_woosnami_TTU-M115260","internal",0.00462772,"100/40.4/42.2",100,40.4,42.2
352,"Apodemus_sylvaticus_SMG3823;Malacomys_longipes_TCD4253","internal",0.00317101,"100/32.8/38",100,32.8,38
353,"Colomys_goslingi_TCD4175;Heimyscus_fumosus_FMNH167810;Hylomyscus_stella_LSUMZ37742;Hylomyscus_vulcanorum_TCD4382;Mastomys_natalensis_T4162;mm10;Mus_caroli_10460X9;Mus_cervicolor_10460X10;Mus_cookii_10460X3;Mus_macedonicus_10460X12;Mus_minutoides_10460X2;Mus_musculoides_LSUMZ37820;Mus_musculus-castaneus_10460X7;Mus_musculus-domesticus_10460X15;Mus_musculus-musculus_10460X14;Mus_musculus-reference_10460X5;Mus_pahari_10460X1;Mus_platythrix_10460X13;Mus_spicilegus_10460X11;Mus_spretus_10460X4;Myomyscus_verreauxii_MNHN1999102;Praomys_degraaffi_TCD4312;Praomys_jacksoni_REC31;Zelotomys_woosnami_TTU-M115260","internal",0.0035179,"100/40.4/40.3",100,40.4,40.3
354,"Colomys_goslingi_TCD4175;Heimyscus_fumosus_FMNH167810;Hylomyscus_stella_LSUMZ37742;Hylomyscus_vulcanorum_TCD4382;Mastomys_natalensis_T4162;Myomyscus_verreauxii_MNHN1999102;Praomys_degraaffi_TCD4312;Praomys_jacksoni_REC31;Zelotomys_woosnami_TTU-M115260","internal",0.0248654,"100/86/78.2",100,86,78.2
355,"Colomys_goslingi_TCD4175;Mastomys_natalensis_T4162;Myomyscus_verreauxii_MNHN1999102;Praomys_degraaffi_TCD4312;Praomys_jacksoni_REC31;Zelotomys_woosnami_TTU-M115260","internal",0.00350242,"100/53.3/48.6",100,53.3,48.6
356,"Colomys_goslingi_TCD4175;Mastomys_natalensis_T4162;Myomyscus_verreauxii_MNHN1999102;Zelotomys_woosnami_TTU-M115260","internal",0.00176863,"100/37.8/39.6",100,37.8,39.6
357,"Colomys_goslingi_TCD4175;Myomyscus_verreauxii_MNHN1999102;Zelotomys_woosnami_TTU-M115260","internal",0.00423296,"100/62.4/54.6",100,62.4,54.6
358,"Colomys_goslingi_TCD4175;Zelotomys_woosnami_TTU-M115260","internal",0.00486009,"100/68.9/60.9",100,68.9,60.9
359,"Praomys_degraaffi_TCD4312;Praomys_jacksoni_REC31","internal",0.0105175,"100/80.3/75.1",100,80.3,75.1
360,"Heimyscus_fumosus_FMNH167810;Hylomyscus_stella_LSUMZ37742;Hylomyscus_vulcanorum_TCD4382","internal",0.00538564,"100/68.8/58.7",100,68.8,58.7
361,"Hylomyscus_stella_LSUMZ37742;Hylomyscus_vulcanorum_TCD4382","internal",0.00600982,"100/75.9/64.3",100,75.9,64.3
362,"mm10;Mus_caroli_10460X9;Mus_cervicolor_10460X10;Mus_cookii_10460X3;Mus_macedonicus_10460X12;Mus_minutoides_10460X2;Mus_musculoides_LSUMZ37820;Mus_musculus-castaneus_10460X7;Mus_musculus-domesticus_10460X15;Mus_musculus-musculus_10460X14;Mus_musculus-reference_10460X5;Mus_pahari_10460X1;Mus_platythrix_10460X13;Mus_spicilegus_10460X11;Mus_spretus_10460X4","internal",0.0226038,"100/84.3/74",100,84.3,74
363,"mm10;Mus_caroli_10460X9;Mus_cervicolor_10460X10;Mus_cookii_10460X3;Mus_macedonicus_10460X12;Mus_minutoides_10460X2;Mus_musculoides_LSUMZ37820;Mus_musculus-castaneus_10460X7;Mus_musculus-domesticus_10460X15;Mus_musculus-musculus_10460X14;Mus_musculus-reference_10460X5;Mus_platythrix_10460X13;Mus_spicilegus_10460X11;Mus_spretus_10460X4","internal",0.00244023,"100/37.7/38.8",100,37.7,38.8
364,"Mus_minutoides_10460X2;Mus_musculoides_LSUMZ37820","internal",0.0229899,"100/92.7/87.6",100,92.7,87.6
365,"mm10;Mus_caroli_10460X9;Mus_cervicolor_10460X10;Mus_cookii_10460X3;Mus_macedonicus_10460X12;Mus_musculus-castaneus_10460X7;Mus_musculus-domesticus_10460X15;Mus_musculus-musculus_10460X14;Mus_musculus-reference_10460X5;Mus_platythrix_10460X13;Mus_spicilegus_10460X11;Mus_spretus_10460X4","internal",0.00223099,"100/36.1/41.5",100,36.1,41.5
366,"mm10;Mus_caroli_10460X9;Mus_cervicolor_10460X10;Mus_cookii_10460X3;Mus_macedonicus_10460X12;Mus_musculus-castaneus_10460X7;Mus_musculus-domesticus_10460X15;Mus_musculus-musculus_10460X14;Mus_musculus-reference_10460X5;Mus_spicilegus_10460X11;Mus_spretus_10460X4","internal",0.0113581,"100/78.8/72.4",100,78.8,72.4
367,"Mus_caroli_10460X9;Mus_cervicolor_10460X10;Mus_cookii_10460X3","internal",0.00308477,"100/58.4/52",100,58.4,52
368,"Mus_cervicolor_10460X10;Mus_cookii_10460X3","internal",0.00293665,"100/61.7/58.8",100,61.7,58.8
369,"mm10;Mus_macedonicus_10460X12;Mus_musculus-castaneus_10460X7;Mus_musculus-domesticus_10460X15;Mus_musculus-musculus_10460X14;Mus_musculus-reference_10460X5;Mus_spicilegus_10460X11;Mus_spretus_10460X4","internal",0.00857495,"100/77.3/78.3",100,77.3,78.3
370,"Mus_macedonicus_10460X12;Mus_spicilegus_10460X11;Mus_spretus_10460X4","internal",0.00160141,"100/37.6/45.5",100,37.6,45.5
371,"Mus_macedonicus_10460X12;Mus_spicilegus_10460X11","internal",0.00350905,"100/62.5/65.8",100,62.5,65.8
372,"mm10;Mus_musculus-castaneus_10460X7;Mus_musculus-domesticus_10460X15;Mus_musculus-musculus_10460X14;Mus_musculus-reference_10460X5","internal",0.00362229,"100/60.4/66.5",100,60.4,66.5
373,"Mus_musculus-castaneus_10460X7;Mus_musculus-musculus_10460X14;Mus_musculus-reference_10460X5","internal",0.0025568,"100/49.2/65.2",100,49.2,65.2
374,"Mus_musculus-musculus_10460X14;Mus_musculus-reference_10460X5","internal",0.00192808,"100/49.7/55.6",100,49.7,55.6
375,"mm10;Mus_musculus-domesticus_10460X15","internal",0.00231076,"100/60.9/64.9",100,60.9,64.9
