"node","clade","node.type","branch.length"
1,"Lophiomys_imhausi_UM5152","tip",NA
2,"Lophuromys_woosnami_LSUMZ37793","tip",NA
3,"Phloeomys_cumingi_FMNH198472","tip",NA
4,"Phloeomys_pallidus_JEC43","tip",NA
5,"Crateromys_heaneyi_KU165014","tip",NA
6,"Batomys_russatus_KU165776","tip",NA
7,"Carpomys_melanurus_FMNH198723","tip",NA
8,"Musseromys_anacuao_FMNH209523","tip",NA
9,"Maxomys_surifer_JAE3632","tip",NA
10,"Maxomys_musschenbroekii_sample1","tip",NA
11,"Crunomys_melanius_KU168558","tip",NA
12,"Crunomys_celebensis_Z21894","tip",NA
13,"Hyorhinomys_stuempkei_JAE4661","tip",NA
14,"Sommeromys_macrorhinos_Z21740","tip",NA
15,"Gracilimus_radix_Z08508","tip",NA
16,"Waiomys_mamasae_Z20624","tip",NA
17,"Paucidentomys_vermidax_Z21914","tip",NA
18,"Echiothrix_centrosa_Z27993","tip",NA
19,"Tateomys_rhinogradoides_Z21785","tip",NA
20,"Melasmothrix_naso_Z21808","tip",NA
21,"Tateomys_macrocercus_Z21834","tip",NA
22,"Saxatilomys_paulinae_ABTC116266","tip",NA
23,"Margaretamys_parvus_NMVZ21833","tip",NA
24,"Margaretamys_christinae_TMar1","tip",NA
25,"Leopoldomys_sabanus_Z25191","tip",NA
26,"Anonymomys_mindorensis_FMNH2222010","tip",NA
27,"Niviventer_lepturus_JAE4746","tip",NA
28,"Niviventer_rapit_LSUMZ38196","tip",NA
29,"Niviventer_bukit_LSUMZ38136","tip",NA
30,"Berylmys_bowersi_ABTC116431","tip",NA
31,"Berylmys_mackenziei_ABTC116402","tip",NA
32,"Nesokia_indica_ABTC117074","tip",NA
33,"Bandicota_indica_ABTC119185","tip",NA
34,"Rattus_exulans_sample1","tip",NA
35,"rnor6","tip",NA
36,"Rattus_argentiventer_LSUMZ38199","tip",NA
37,"Rattus_hoffmanni_LSUMZ39187","tip",NA
38,"Kadarsanomys_sodyi_MZB-Sample","tip",NA
39,"Tarsomys_apoensis_KU167148","tip",NA
40,"Limnomys_sibuanus_FMNH147948","tip",NA
41,"Rattus_xanthurus_LSUMZ39196","tip",NA
42,"Rattus_morotaiensis_ASAM29","tip",NA
43,"Rattus_leucopus_sample1","tip",NA
44,"Rattus_praetor_sample1","tip",NA
45,"Rattus_lutreolus_sample2","tip",NA
46,"Rattus_tunneyi_RAT130","tip",NA
47,"Rattus_colletti_RAT25","tip",NA
48,"Rattus_villosissimus_sample1","tip",NA
49,"Sundamys_annandalei_YS118","tip",NA
50,"Sundamys_muelleri_JAE1283","tip",NA
51,"Bullimus_bagobus_JAE1712","tip",NA
52,"Papagomys_armandvillei_WAMM32592","tip",NA
53,"Halmaheramys_bokimekot_33262-WD225","tip",NA
54,"Bunomys_andrewsi_sample1","tip",NA
55,"Bunomys_torajae_NMVZ21736","tip",NA
56,"Bunomys_chrysocomus_JAE4867","tip",NA
57,"Taeromys_callitrichus_LSUMZ37153","tip",NA
58,"Taeromys_punicans_MVZ225815","tip",NA
59,"Taeromys_hamatus_NMVZ63317","tip",NA
60,"Taeromys_taerae_LSUMZ39224","tip",NA
61,"Genus_sp-nov_NMVZ21816","tip",NA
62,"Taeromys_celebensis_NMVZ20637","tip",NA
63,"Paruromys_dominator_JAE4870","tip",NA
64,"Eropeplus_canus_NMVZ21733","tip",NA
65,"Lenomys_meyeri_LSUMZ39079","tip",NA
66,"Chiropodomys_gliroides_Z25153","tip",NA
67,"Haeromys_minahassae_JAE4996","tip",NA
68,"Apomys_lubangensis_JAE169","tip",NA
69,"Archboldomys_luzonensis_EAR1826","tip",NA
70,"Rhynchomys_isarogensis_JAE2195","tip",NA
71,"Chrotomys_whiteheadi_KU168311","tip",NA
72,"Chrotomys_mindorensis_JAE520","tip",NA
73,"Anisomys_imitator_ABTC45107","tip",NA
74,"Lorentzimys_nouhuysi_ABTC-46314","tip",NA
75,"Macruromys_major_ABTC43909","tip",NA
76,"Chiruromys_vates_ABTC43096","tip",NA
77,"Hyomys_goliath_ABTC42697","tip",NA
78,"Pogonomys_macrourus_ABTC43144","tip",NA
79,"Coccymys_ruemmleri_ABTC49489","tip",NA
80,"Mammelomys_lanosus_ABTC47208","tip",NA
81,"Xenuromys_barbatus_ABTC129204","tip",NA
82,"Mallomys_rothschildi_ABTC47402","tip",NA
83,"Abeomelomys_sevia_KUM161018","tip",NA
84,"Pogonomelomys_mayeri_AMM21849","tip",NA
85,"Crossomys_moncktoni_ABTC46614","tip",NA
86,"Parahydromys_asper_ABTC45798","tip",NA
87,"Hydromys_sp-nov_YS391","tip",NA
88,"Hydromys_chrysogaster_Z5248","tip",NA
89,"Xeromys_myoides_ABTC30709","tip",NA
90,"Microhydromys_richardsoni_ANWCM35851","tip",NA
91,"Pseudohydromys_pumehanae_ABTC43920","tip",NA
92,"Paraleptomys_wilhelmina_H126-ABTC133716","tip",NA
93,"Mirzamys_louiseae_ABTC133754","tip",NA
94,"Leptomys_elegans_ABTC45741","tip",NA
95,"Solomys_salebrosus_ABTC64864","tip",NA
96,"Melomys_rufescens_ABTC44798","tip",NA
97,"Uromys_sp-nov_YS380","tip",NA
98,"Uromys_caudimaculatus_DT10Uc01","tip",NA
99,"Leporillus_conditor_ABTC13335","tip",NA
100,"Leporillus_apicalis_C90","tip",NA
101,"Conilurus_albipes_NMV-c7585","tip",NA
102,"Conilurus_penicillatus_M14056","tip",NA
103,"Mesembriomys_macrurus_ABTC7337","tip",NA
104,"Mesembriomys_gouldii_ABTC7449","tip",NA
105,"Zyzomys_pedunculatus_Z34925","tip",NA
106,"Zyzomys_woodwardi_WAMM21724","tip",NA
107,"Zyzomys_maini_ABTC07900","tip",NA
108,"Zyzomys_palatalis_ABTC30744","tip",NA
109,"Zyzomys_argurus_ABTC61630","tip",NA
110,"Leggadina_lakedownensis_WAMM21623","tip",NA
111,"Leggadina_forresti_WAMM62323","tip",NA
112,"Pseudomys_calabyi_U4324","tip",NA
113,"Pseudomys_chapmani_WAMM29440","tip",NA
114,"Pseudomys_johnsoni_ABTC08053","tip",NA
115,"Pseudomys_patrius_JM10865","tip",NA
116,"Notomys_cervinus_M22857","tip",NA
117,"Notomys_mitchellii_M21518","tip",NA
118,"Notomys_fuscus_M22830","tip",NA
119,"Notomys_aquilo_M-32455","tip",NA
120,"Notomys_alexis_U1308","tip",NA
121,"Pseudomys_occidentalis_ABTC08043","tip",NA
122,"Pseudomys_fumeus_ABTC08168","tip",NA
123,"Pseudomys_albocinereus_WAMM18855","tip",NA
124,"Pseudomys_apodemoides_M16672","tip",NA
125,"Pseudomys_gracilicaudatus_ABTC08163","tip",NA
126,"Pseudomys_nanus_U1448","tip",NA
127,"Pseudomys_oralis_RAT7","tip",NA
128,"Pseudomys_desertor_ABTC41464","tip",NA
129,"Pseudomys_shortridgei_Z25113","tip",NA
130,"Pseudomys_australis_M25541","tip",NA
131,"Mastacomys_fuscus_M13957","tip",NA
132,"Pseudomys_higginsi_UC1421","tip",NA
133,"Pseudomys_hermannsburgensis_ABTC08067","tip",NA
134,"Pseudomys_delicatulus_U1509","tip",NA
135,"Pseudomys_bolami_ABTC107389","tip",NA
136,"Pseudomys_novaehollandiae_ABTC08140","tip",NA
137,"Vandeleuria_oleracea_ABTC116404","tip",NA
138,"Pithecheir_melanurus_LSUMZ38198","tip",NA
139,"Otomys_tropicalis_LSUMZ37841","tip",NA
140,"Otomys_denti_LSUMZ37840","tip",NA
141,"Oenomys_hypoxanthus_LSUMZ37838","tip",NA
142,"Hybomys_planifrons_R24117","tip",NA
143,"Hybomys_univittatus_TCD4026","tip",NA
144,"Hybomys_lunaris_LSUMZ37734","tip",NA
145,"Stochomys_longicaudatus_MNHN1999459","tip",NA
146,"Dephomys_defua_MNHNR24062","tip",NA
147,"Micaelemys_namaquensis_MNHN1987009","tip",NA
148,"Aethomys_hindei_MVZ196257","tip",NA
149,"Aethomys_nyikae_FMNH196708","tip",NA
150,"Thallomys_paedulcus_FMNH158089","tip",NA
151,"Grammomys_dryas_LSUMZ37716","tip",NA
152,"Thamnomys_venustus_LSUMZ37935","tip",NA
153,"Thamnomys_kempi_TCD4437","tip",NA
154,"Dasymys_montanus_FMNH144389","tip",NA
155,"Dasymys_incomtus_LSUMZ37702","tip",NA
156,"Rhabdomys_pumilio_MNHN1995065","tip",NA
157,"Mylomys_dybowskii_MNHN1997072","tip",NA
158,"Pelomys_isseli_FMNH137886","tip",NA
159,"Pelomys_minor_FMNH219213","tip",NA
160,"Lemniscomys_striatus_TCD4711","tip",NA
161,"Arvicanthus_niloticus_MNHN1999201","tip",NA
162,"Arvicanthus_neumanni_FMNH158037","tip",NA
163,"Malacomys_longipes_TCD4253","tip",NA
164,"Apodemus_sylvaticus_SMG3823","tip",NA
165,"Praomys_jacksoni_REC31","tip",NA
166,"Praomys_degraaffi_TCD4312","tip",NA
167,"Mastomys_natalensis_T4162","tip",NA
168,"Myomyscus_verreauxii_MNHN1999102","tip",NA
169,"Zelotomys_woosnami_TTU-M115260","tip",NA
170,"Colomys_goslingi_TCD4175","tip",NA
171,"Heimyscus_fumosus_FMNH167810","tip",NA
172,"Hylomyscus_stella_LSUMZ37742","tip",NA
173,"Hylomyscus_vulcanorum_TCD4382","tip",NA
174,"Mus_pahari_10460X1","tip",NA
175,"Mus_minutoides_10460X2","tip",NA
176,"Mus_musculoides_LSUMZ37820","tip",NA
177,"Mus_platythrix_10460X13","tip",NA
178,"Mus_caroli_10460X9","tip",NA
179,"Mus_cookii_10460X3","tip",NA
180,"Mus_cervicolor_10460X10","tip",NA
181,"Mus_spretus_10460X4","tip",NA
182,"Mus_spicilegus_10460X11","tip",NA
183,"Mus_macedonicus_10460X12","tip",NA
184,"Mus_musculus-castaneus_10460X7","tip",NA
185,"Mus_musculus-musculus_10460X14","tip",NA
186,"Mus_musculus-reference_10460X5","tip",NA
187,"Mus_musculus-domesticus_10460X15","tip",NA
188,"mm10","tip",0
189,"Abeomelomys_sevia_KUM161018;Aethomys_hindei_MVZ196257;Aethomys_nyikae_FMNH196708;Anisomys_imitator_ABTC45107;Anonymomys_mindorensis_FMNH2222010;Apodemus_sylvaticus_SMG3823;Apomys_lubangensis_JAE169;Archboldomys_luzonensis_EAR1826;Arvicanthus_neumanni_FMNH158037;Arvicanthus_niloticus_MNHN1999201;Bandicota_indica_ABTC119185;Batomys_russatus_KU165776;Berylmys_bowersi_ABTC116431;Berylmys_mackenziei_ABTC116402;Bullimus_bagobus_JAE1712;Bunomys_andrewsi_sample1;Bunomys_chrysocomus_JAE4867;Bunomys_torajae_NMVZ21736;Carpomys_melanurus_FMNH198723;Chiropodomys_gliroides_Z25153;Chiruromys_vates_ABTC43096;Chrotomys_mindorensis_JAE520;Chrotomys_whiteheadi_KU168311;Coccymys_ruemmleri_ABTC49489;Colomys_goslingi_TCD4175;Conilurus_albipes_NMV-c7585;Conilurus_penicillatus_M14056;Crateromys_heaneyi_KU165014;Crossomys_moncktoni_ABTC46614;Crunomys_celebensis_Z21894;Crunomys_melanius_KU168558;Dasymys_incomtus_LSUMZ37702;Dasymys_montanus_FMNH144389;Dephomys_defua_MNHNR24062;Echiothrix_centrosa_Z27993;Eropeplus_canus_NMVZ21733;Genus_sp-nov_NMVZ21816;Gracilimus_radix_Z08508;Grammomys_dryas_LSUMZ37716;Haeromys_minahassae_JAE4996;Halmaheramys_bokimekot_33262-WD225;Heimyscus_fumosus_FMNH167810;Hybomys_lunaris_LSUMZ37734;Hybomys_planifrons_R24117;Hybomys_univittatus_TCD4026;Hydromys_chrysogaster_Z5248;Hydromys_sp-nov_YS391;Hylomyscus_stella_LSUMZ37742;Hylomyscus_vulcanorum_TCD4382;Hyomys_goliath_ABTC42697;Hyorhinomys_stuempkei_JAE4661;Kadarsanomys_sodyi_MZB-Sample;Leggadina_forresti_WAMM62323;Leggadina_lakedownensis_WAMM21623;Lemniscomys_striatus_TCD4711;Lenomys_meyeri_LSUMZ39079;Leopoldomys_sabanus_Z25191;Leporillus_apicalis_C90;Leporillus_conditor_ABTC13335;Leptomys_elegans_ABTC45741;Limnomys_sibuanus_FMNH147948;Lophiomys_imhausi_UM5152;Lophuromys_woosnami_LSUMZ37793;Lorentzimys_nouhuysi_ABTC-46314;Macruromys_major_ABTC43909;Malacomys_longipes_TCD4253;Mallomys_rothschildi_ABTC47402;Mammelomys_lanosus_ABTC47208;Margaretamys_christinae_TMar1;Margaretamys_parvus_NMVZ21833;Mastacomys_fuscus_M13957;Mastomys_natalensis_T4162;Maxomys_musschenbroekii_sample1;Maxomys_surifer_JAE3632;Melasmothrix_naso_Z21808;Melomys_rufescens_ABTC44798;Mesembriomys_gouldii_ABTC7449;Mesembriomys_macrurus_ABTC7337;Micaelemys_namaquensis_MNHN1987009;Microhydromys_richardsoni_ANWCM35851;Mirzamys_louiseae_ABTC133754;mm10;Mus_caroli_10460X9;Mus_cervicolor_10460X10;Mus_cookii_10460X3;Mus_macedonicus_10460X12;Mus_minutoides_10460X2;Mus_musculoides_LSUMZ37820;Mus_musculus-castaneus_10460X7;Mus_musculus-domesticus_10460X15;Mus_musculus-musculus_10460X14;Mus_musculus-reference_10460X5;Mus_pahari_10460X1;Mus_platythrix_10460X13;Mus_spicilegus_10460X11;Mus_spretus_10460X4;Musseromys_anacuao_FMNH209523;Mylomys_dybowskii_MNHN1997072;Myomyscus_verreauxii_MNHN1999102;Nesokia_indica_ABTC117074;Niviventer_bukit_LSUMZ38136;Niviventer_lepturus_JAE4746;Niviventer_rapit_LSUMZ38196;Notomys_alexis_U1308;Notomys_aquilo_M-32455;Notomys_cervinus_M22857;Notomys_fuscus_M22830;Notomys_mitchellii_M21518;Oenomys_hypoxanthus_LSUMZ37838;Otomys_denti_LSUMZ37840;Otomys_tropicalis_LSUMZ37841;Papagomys_armandvillei_WAMM32592;Parahydromys_asper_ABTC45798;Paraleptomys_wilhelmina_H126-ABTC133716;Paruromys_dominator_JAE4870;Paucidentomys_vermidax_Z21914;Pelomys_isseli_FMNH137886;Pelomys_minor_FMNH219213;Phloeomys_cumingi_FMNH198472;Phloeomys_pallidus_JEC43;Pithecheir_melanurus_LSUMZ38198;Pogonomelomys_mayeri_AMM21849;Pogonomys_macrourus_ABTC43144;Praomys_degraaffi_TCD4312;Praomys_jacksoni_REC31;Pseudohydromys_pumehanae_ABTC43920;Pseudomys_albocinereus_WAMM18855;Pseudomys_apodemoides_M16672;Pseudomys_australis_M25541;Pseudomys_bolami_ABTC107389;Pseudomys_calabyi_U4324;Pseudomys_chapmani_WAMM29440;Pseudomys_delicatulus_U1509;Pseudomys_desertor_ABTC41464;Pseudomys_fumeus_ABTC08168;Pseudomys_gracilicaudatus_ABTC08163;Pseudomys_hermannsburgensis_ABTC08067;Pseudomys_higginsi_UC1421;Pseudomys_johnsoni_ABTC08053;Pseudomys_nanus_U1448;Pseudomys_novaehollandiae_ABTC08140;Pseudomys_occidentalis_ABTC08043;Pseudomys_oralis_RAT7;Pseudomys_patrius_JM10865;Pseudomys_shortridgei_Z25113;Rattus_argentiventer_LSUMZ38199;Rattus_colletti_RAT25;Rattus_exulans_sample1;Rattus_hoffmanni_LSUMZ39187;Rattus_leucopus_sample1;Rattus_lutreolus_sample2;Rattus_morotaiensis_ASAM29;Rattus_praetor_sample1;Rattus_tunneyi_RAT130;Rattus_villosissimus_sample1;Rattus_xanthurus_LSUMZ39196;Rhabdomys_pumilio_MNHN1995065;Rhynchomys_isarogensis_JAE2195;rnor6;Saxatilomys_paulinae_ABTC116266;Solomys_salebrosus_ABTC64864;Sommeromys_macrorhinos_Z21740;Stochomys_longicaudatus_MNHN1999459;Sundamys_annandalei_YS118;Sundamys_muelleri_JAE1283;Taeromys_callitrichus_LSUMZ37153;Taeromys_celebensis_NMVZ20637;Taeromys_hamatus_NMVZ63317;Taeromys_punicans_MVZ225815;Taeromys_taerae_LSUMZ39224;Tarsomys_apoensis_KU167148;Tateomys_macrocercus_Z21834;Tateomys_rhinogradoides_Z21785;Thallomys_paedulcus_FMNH158089;Thamnomys_kempi_TCD4437;Thamnomys_venustus_LSUMZ37935;Uromys_caudimaculatus_DT10Uc01;Uromys_sp-nov_YS380;Vandeleuria_oleracea_ABTC116404;Waiomys_mamasae_Z20624;Xenuromys_barbatus_ABTC129204;Xeromys_myoides_ABTC30709;Zelotomys_woosnami_TTU-M115260;Zyzomys_argurus_ABTC61630;Zyzomys_maini_ABTC07900;Zyzomys_palatalis_ABTC30744;Zyzomys_pedunculatus_Z34925;Zyzomys_woodwardi_WAMM21724","ROOT",NA
190,"Lophiomys_imhausi_UM5152;Lophuromys_woosnami_LSUMZ37793","internal",0.836628
191,"Abeomelomys_sevia_KUM161018;Aethomys_hindei_MVZ196257;Aethomys_nyikae_FMNH196708;Anisomys_imitator_ABTC45107;Anonymomys_mindorensis_FMNH2222010;Apodemus_sylvaticus_SMG3823;Apomys_lubangensis_JAE169;Archboldomys_luzonensis_EAR1826;Arvicanthus_neumanni_FMNH158037;Arvicanthus_niloticus_MNHN1999201;Bandicota_indica_ABTC119185;Batomys_russatus_KU165776;Berylmys_bowersi_ABTC116431;Berylmys_mackenziei_ABTC116402;Bullimus_bagobus_JAE1712;Bunomys_andrewsi_sample1;Bunomys_chrysocomus_JAE4867;Bunomys_torajae_NMVZ21736;Carpomys_melanurus_FMNH198723;Chiropodomys_gliroides_Z25153;Chiruromys_vates_ABTC43096;Chrotomys_mindorensis_JAE520;Chrotomys_whiteheadi_KU168311;Coccymys_ruemmleri_ABTC49489;Colomys_goslingi_TCD4175;Conilurus_albipes_NMV-c7585;Conilurus_penicillatus_M14056;Crateromys_heaneyi_KU165014;Crossomys_moncktoni_ABTC46614;Crunomys_celebensis_Z21894;Crunomys_melanius_KU168558;Dasymys_incomtus_LSUMZ37702;Dasymys_montanus_FMNH144389;Dephomys_defua_MNHNR24062;Echiothrix_centrosa_Z27993;Eropeplus_canus_NMVZ21733;Genus_sp-nov_NMVZ21816;Gracilimus_radix_Z08508;Grammomys_dryas_LSUMZ37716;Haeromys_minahassae_JAE4996;Halmaheramys_bokimekot_33262-WD225;Heimyscus_fumosus_FMNH167810;Hybomys_lunaris_LSUMZ37734;Hybomys_planifrons_R24117;Hybomys_univittatus_TCD4026;Hydromys_chrysogaster_Z5248;Hydromys_sp-nov_YS391;Hylomyscus_stella_LSUMZ37742;Hylomyscus_vulcanorum_TCD4382;Hyomys_goliath_ABTC42697;Hyorhinomys_stuempkei_JAE4661;Kadarsanomys_sodyi_MZB-Sample;Leggadina_forresti_WAMM62323;Leggadina_lakedownensis_WAMM21623;Lemniscomys_striatus_TCD4711;Lenomys_meyeri_LSUMZ39079;Leopoldomys_sabanus_Z25191;Leporillus_apicalis_C90;Leporillus_conditor_ABTC13335;Leptomys_elegans_ABTC45741;Limnomys_sibuanus_FMNH147948;Lorentzimys_nouhuysi_ABTC-46314;Macruromys_major_ABTC43909;Malacomys_longipes_TCD4253;Mallomys_rothschildi_ABTC47402;Mammelomys_lanosus_ABTC47208;Margaretamys_christinae_TMar1;Margaretamys_parvus_NMVZ21833;Mastacomys_fuscus_M13957;Mastomys_natalensis_T4162;Maxomys_musschenbroekii_sample1;Maxomys_surifer_JAE3632;Melasmothrix_naso_Z21808;Melomys_rufescens_ABTC44798;Mesembriomys_gouldii_ABTC7449;Mesembriomys_macrurus_ABTC7337;Micaelemys_namaquensis_MNHN1987009;Microhydromys_richardsoni_ANWCM35851;Mirzamys_louiseae_ABTC133754;mm10;Mus_caroli_10460X9;Mus_cervicolor_10460X10;Mus_cookii_10460X3;Mus_macedonicus_10460X12;Mus_minutoides_10460X2;Mus_musculoides_LSUMZ37820;Mus_musculus-castaneus_10460X7;Mus_musculus-domesticus_10460X15;Mus_musculus-musculus_10460X14;Mus_musculus-reference_10460X5;Mus_pahari_10460X1;Mus_platythrix_10460X13;Mus_spicilegus_10460X11;Mus_spretus_10460X4;Musseromys_anacuao_FMNH209523;Mylomys_dybowskii_MNHN1997072;Myomyscus_verreauxii_MNHN1999102;Nesokia_indica_ABTC117074;Niviventer_bukit_LSUMZ38136;Niviventer_lepturus_JAE4746;Niviventer_rapit_LSUMZ38196;Notomys_alexis_U1308;Notomys_aquilo_M-32455;Notomys_cervinus_M22857;Notomys_fuscus_M22830;Notomys_mitchellii_M21518;Oenomys_hypoxanthus_LSUMZ37838;Otomys_denti_LSUMZ37840;Otomys_tropicalis_LSUMZ37841;Papagomys_armandvillei_WAMM32592;Parahydromys_asper_ABTC45798;Paraleptomys_wilhelmina_H126-ABTC133716;Paruromys_dominator_JAE4870;Paucidentomys_vermidax_Z21914;Pelomys_isseli_FMNH137886;Pelomys_minor_FMNH219213;Phloeomys_cumingi_FMNH198472;Phloeomys_pallidus_JEC43;Pithecheir_melanurus_LSUMZ38198;Pogonomelomys_mayeri_AMM21849;Pogonomys_macrourus_ABTC43144;Praomys_degraaffi_TCD4312;Praomys_jacksoni_REC31;Pseudohydromys_pumehanae_ABTC43920;Pseudomys_albocinereus_WAMM18855;Pseudomys_apodemoides_M16672;Pseudomys_australis_M25541;Pseudomys_bolami_ABTC107389;Pseudomys_calabyi_U4324;Pseudomys_chapmani_WAMM29440;Pseudomys_delicatulus_U1509;Pseudomys_desertor_ABTC41464;Pseudomys_fumeus_ABTC08168;Pseudomys_gracilicaudatus_ABTC08163;Pseudomys_hermannsburgensis_ABTC08067;Pseudomys_higginsi_UC1421;Pseudomys_johnsoni_ABTC08053;Pseudomys_nanus_U1448;Pseudomys_novaehollandiae_ABTC08140;Pseudomys_occidentalis_ABTC08043;Pseudomys_oralis_RAT7;Pseudomys_patrius_JM10865;Pseudomys_shortridgei_Z25113;Rattus_argentiventer_LSUMZ38199;Rattus_colletti_RAT25;Rattus_exulans_sample1;Rattus_hoffmanni_LSUMZ39187;Rattus_leucopus_sample1;Rattus_lutreolus_sample2;Rattus_morotaiensis_ASAM29;Rattus_praetor_sample1;Rattus_tunneyi_RAT130;Rattus_villosissimus_sample1;Rattus_xanthurus_LSUMZ39196;Rhabdomys_pumilio_MNHN1995065;Rhynchomys_isarogensis_JAE2195;rnor6;Saxatilomys_paulinae_ABTC116266;Solomys_salebrosus_ABTC64864;Sommeromys_macrorhinos_Z21740;Stochomys_longicaudatus_MNHN1999459;Sundamys_annandalei_YS118;Sundamys_muelleri_JAE1283;Taeromys_callitrichus_LSUMZ37153;Taeromys_celebensis_NMVZ20637;Taeromys_hamatus_NMVZ63317;Taeromys_punicans_MVZ225815;Taeromys_taerae_LSUMZ39224;Tarsomys_apoensis_KU167148;Tateomys_macrocercus_Z21834;Tateomys_rhinogradoides_Z21785;Thallomys_paedulcus_FMNH158089;Thamnomys_kempi_TCD4437;Thamnomys_venustus_LSUMZ37935;Uromys_caudimaculatus_DT10Uc01;Uromys_sp-nov_YS380;Vandeleuria_oleracea_ABTC116404;Waiomys_mamasae_Z20624;Xenuromys_barbatus_ABTC129204;Xeromys_myoides_ABTC30709;Zelotomys_woosnami_TTU-M115260;Zyzomys_argurus_ABTC61630;Zyzomys_maini_ABTC07900;Zyzomys_palatalis_ABTC30744;Zyzomys_pedunculatus_Z34925;Zyzomys_woodwardi_WAMM21724","internal",0.836628
192,"Batomys_russatus_KU165776;Carpomys_melanurus_FMNH198723;Crateromys_heaneyi_KU165014;Musseromys_anacuao_FMNH209523;Phloeomys_cumingi_FMNH198472;Phloeomys_pallidus_JEC43","internal",1.8635414725181
193,"Phloeomys_cumingi_FMNH198472;Phloeomys_pallidus_JEC43","internal",2.67475429201348
194,"Batomys_russatus_KU165776;Carpomys_melanurus_FMNH198723;Crateromys_heaneyi_KU165014;Musseromys_anacuao_FMNH209523","internal",1.06364598302854
195,"Batomys_russatus_KU165776;Crateromys_heaneyi_KU165014","internal",1.49488623428041
196,"Carpomys_melanurus_FMNH198723;Musseromys_anacuao_FMNH209523","internal",2.16856019959007
197,"Abeomelomys_sevia_KUM161018;Aethomys_hindei_MVZ196257;Aethomys_nyikae_FMNH196708;Anisomys_imitator_ABTC45107;Anonymomys_mindorensis_FMNH2222010;Apodemus_sylvaticus_SMG3823;Apomys_lubangensis_JAE169;Archboldomys_luzonensis_EAR1826;Arvicanthus_neumanni_FMNH158037;Arvicanthus_niloticus_MNHN1999201;Bandicota_indica_ABTC119185;Berylmys_bowersi_ABTC116431;Berylmys_mackenziei_ABTC116402;Bullimus_bagobus_JAE1712;Bunomys_andrewsi_sample1;Bunomys_chrysocomus_JAE4867;Bunomys_torajae_NMVZ21736;Chiropodomys_gliroides_Z25153;Chiruromys_vates_ABTC43096;Chrotomys_mindorensis_JAE520;Chrotomys_whiteheadi_KU168311;Coccymys_ruemmleri_ABTC49489;Colomys_goslingi_TCD4175;Conilurus_albipes_NMV-c7585;Conilurus_penicillatus_M14056;Crossomys_moncktoni_ABTC46614;Crunomys_celebensis_Z21894;Crunomys_melanius_KU168558;Dasymys_incomtus_LSUMZ37702;Dasymys_montanus_FMNH144389;Dephomys_defua_MNHNR24062;Echiothrix_centrosa_Z27993;Eropeplus_canus_NMVZ21733;Genus_sp-nov_NMVZ21816;Gracilimus_radix_Z08508;Grammomys_dryas_LSUMZ37716;Haeromys_minahassae_JAE4996;Halmaheramys_bokimekot_33262-WD225;Heimyscus_fumosus_FMNH167810;Hybomys_lunaris_LSUMZ37734;Hybomys_planifrons_R24117;Hybomys_univittatus_TCD4026;Hydromys_chrysogaster_Z5248;Hydromys_sp-nov_YS391;Hylomyscus_stella_LSUMZ37742;Hylomyscus_vulcanorum_TCD4382;Hyomys_goliath_ABTC42697;Hyorhinomys_stuempkei_JAE4661;Kadarsanomys_sodyi_MZB-Sample;Leggadina_forresti_WAMM62323;Leggadina_lakedownensis_WAMM21623;Lemniscomys_striatus_TCD4711;Lenomys_meyeri_LSUMZ39079;Leopoldomys_sabanus_Z25191;Leporillus_apicalis_C90;Leporillus_conditor_ABTC13335;Leptomys_elegans_ABTC45741;Limnomys_sibuanus_FMNH147948;Lorentzimys_nouhuysi_ABTC-46314;Macruromys_major_ABTC43909;Malacomys_longipes_TCD4253;Mallomys_rothschildi_ABTC47402;Mammelomys_lanosus_ABTC47208;Margaretamys_christinae_TMar1;Margaretamys_parvus_NMVZ21833;Mastacomys_fuscus_M13957;Mastomys_natalensis_T4162;Maxomys_musschenbroekii_sample1;Maxomys_surifer_JAE3632;Melasmothrix_naso_Z21808;Melomys_rufescens_ABTC44798;Mesembriomys_gouldii_ABTC7449;Mesembriomys_macrurus_ABTC7337;Micaelemys_namaquensis_MNHN1987009;Microhydromys_richardsoni_ANWCM35851;Mirzamys_louiseae_ABTC133754;mm10;Mus_caroli_10460X9;Mus_cervicolor_10460X10;Mus_cookii_10460X3;Mus_macedonicus_10460X12;Mus_minutoides_10460X2;Mus_musculoides_LSUMZ37820;Mus_musculus-castaneus_10460X7;Mus_musculus-domesticus_10460X15;Mus_musculus-musculus_10460X14;Mus_musculus-reference_10460X5;Mus_pahari_10460X1;Mus_platythrix_10460X13;Mus_spicilegus_10460X11;Mus_spretus_10460X4;Mylomys_dybowskii_MNHN1997072;Myomyscus_verreauxii_MNHN1999102;Nesokia_indica_ABTC117074;Niviventer_bukit_LSUMZ38136;Niviventer_lepturus_JAE4746;Niviventer_rapit_LSUMZ38196;Notomys_alexis_U1308;Notomys_aquilo_M-32455;Notomys_cervinus_M22857;Notomys_fuscus_M22830;Notomys_mitchellii_M21518;Oenomys_hypoxanthus_LSUMZ37838;Otomys_denti_LSUMZ37840;Otomys_tropicalis_LSUMZ37841;Papagomys_armandvillei_WAMM32592;Parahydromys_asper_ABTC45798;Paraleptomys_wilhelmina_H126-ABTC133716;Paruromys_dominator_JAE4870;Paucidentomys_vermidax_Z21914;Pelomys_isseli_FMNH137886;Pelomys_minor_FMNH219213;Pithecheir_melanurus_LSUMZ38198;Pogonomelomys_mayeri_AMM21849;Pogonomys_macrourus_ABTC43144;Praomys_degraaffi_TCD4312;Praomys_jacksoni_REC31;Pseudohydromys_pumehanae_ABTC43920;Pseudomys_albocinereus_WAMM18855;Pseudomys_apodemoides_M16672;Pseudomys_australis_M25541;Pseudomys_bolami_ABTC107389;Pseudomys_calabyi_U4324;Pseudomys_chapmani_WAMM29440;Pseudomys_delicatulus_U1509;Pseudomys_desertor_ABTC41464;Pseudomys_fumeus_ABTC08168;Pseudomys_gracilicaudatus_ABTC08163;Pseudomys_hermannsburgensis_ABTC08067;Pseudomys_higginsi_UC1421;Pseudomys_johnsoni_ABTC08053;Pseudomys_nanus_U1448;Pseudomys_novaehollandiae_ABTC08140;Pseudomys_occidentalis_ABTC08043;Pseudomys_oralis_RAT7;Pseudomys_patrius_JM10865;Pseudomys_shortridgei_Z25113;Rattus_argentiventer_LSUMZ38199;Rattus_colletti_RAT25;Rattus_exulans_sample1;Rattus_hoffmanni_LSUMZ39187;Rattus_leucopus_sample1;Rattus_lutreolus_sample2;Rattus_morotaiensis_ASAM29;Rattus_praetor_sample1;Rattus_tunneyi_RAT130;Rattus_villosissimus_sample1;Rattus_xanthurus_LSUMZ39196;Rhabdomys_pumilio_MNHN1995065;Rhynchomys_isarogensis_JAE2195;rnor6;Saxatilomys_paulinae_ABTC116266;Solomys_salebrosus_ABTC64864;Sommeromys_macrorhinos_Z21740;Stochomys_longicaudatus_MNHN1999459;Sundamys_annandalei_YS118;Sundamys_muelleri_JAE1283;Taeromys_callitrichus_LSUMZ37153;Taeromys_celebensis_NMVZ20637;Taeromys_hamatus_NMVZ63317;Taeromys_punicans_MVZ225815;Taeromys_taerae_LSUMZ39224;Tarsomys_apoensis_KU167148;Tateomys_macrocercus_Z21834;Tateomys_rhinogradoides_Z21785;Thallomys_paedulcus_FMNH158089;Thamnomys_kempi_TCD4437;Thamnomys_venustus_LSUMZ37935;Uromys_caudimaculatus_DT10Uc01;Uromys_sp-nov_YS380;Vandeleuria_oleracea_ABTC116404;Waiomys_mamasae_Z20624;Xenuromys_barbatus_ABTC129204;Xeromys_myoides_ABTC30709;Zelotomys_woosnami_TTU-M115260;Zyzomys_argurus_ABTC61630;Zyzomys_maini_ABTC07900;Zyzomys_palatalis_ABTC30744;Zyzomys_pedunculatus_Z34925;Zyzomys_woodwardi_WAMM21724","internal",1.40120787724141
198,"Anonymomys_mindorensis_FMNH2222010;Bandicota_indica_ABTC119185;Berylmys_bowersi_ABTC116431;Berylmys_mackenziei_ABTC116402;Bullimus_bagobus_JAE1712;Bunomys_andrewsi_sample1;Bunomys_chrysocomus_JAE4867;Bunomys_torajae_NMVZ21736;Crunomys_celebensis_Z21894;Crunomys_melanius_KU168558;Echiothrix_centrosa_Z27993;Eropeplus_canus_NMVZ21733;Genus_sp-nov_NMVZ21816;Gracilimus_radix_Z08508;Halmaheramys_bokimekot_33262-WD225;Hyorhinomys_stuempkei_JAE4661;Kadarsanomys_sodyi_MZB-Sample;Lenomys_meyeri_LSUMZ39079;Leopoldomys_sabanus_Z25191;Limnomys_sibuanus_FMNH147948;Margaretamys_christinae_TMar1;Margaretamys_parvus_NMVZ21833;Maxomys_musschenbroekii_sample1;Maxomys_surifer_JAE3632;Melasmothrix_naso_Z21808;Nesokia_indica_ABTC117074;Niviventer_bukit_LSUMZ38136;Niviventer_lepturus_JAE4746;Niviventer_rapit_LSUMZ38196;Papagomys_armandvillei_WAMM32592;Paruromys_dominator_JAE4870;Paucidentomys_vermidax_Z21914;Rattus_argentiventer_LSUMZ38199;Rattus_colletti_RAT25;Rattus_exulans_sample1;Rattus_hoffmanni_LSUMZ39187;Rattus_leucopus_sample1;Rattus_lutreolus_sample2;Rattus_morotaiensis_ASAM29;Rattus_praetor_sample1;Rattus_tunneyi_RAT130;Rattus_villosissimus_sample1;Rattus_xanthurus_LSUMZ39196;rnor6;Saxatilomys_paulinae_ABTC116266;Sommeromys_macrorhinos_Z21740;Sundamys_annandalei_YS118;Sundamys_muelleri_JAE1283;Taeromys_callitrichus_LSUMZ37153;Taeromys_celebensis_NMVZ20637;Taeromys_hamatus_NMVZ63317;Taeromys_punicans_MVZ225815;Taeromys_taerae_LSUMZ39224;Tarsomys_apoensis_KU167148;Tateomys_macrocercus_Z21834;Tateomys_rhinogradoides_Z21785;Waiomys_mamasae_Z20624","internal",2.17895358932313
199,"Crunomys_celebensis_Z21894;Crunomys_melanius_KU168558;Maxomys_musschenbroekii_sample1;Maxomys_surifer_JAE3632","internal",1.57555533449735
200,"Crunomys_celebensis_Z21894;Crunomys_melanius_KU168558;Maxomys_musschenbroekii_sample1","internal",0.826180829643263
201,"Crunomys_celebensis_Z21894;Crunomys_melanius_KU168558","internal",1.99011019843094
202,"Anonymomys_mindorensis_FMNH2222010;Bandicota_indica_ABTC119185;Berylmys_bowersi_ABTC116431;Berylmys_mackenziei_ABTC116402;Bullimus_bagobus_JAE1712;Bunomys_andrewsi_sample1;Bunomys_chrysocomus_JAE4867;Bunomys_torajae_NMVZ21736;Echiothrix_centrosa_Z27993;Eropeplus_canus_NMVZ21733;Genus_sp-nov_NMVZ21816;Gracilimus_radix_Z08508;Halmaheramys_bokimekot_33262-WD225;Hyorhinomys_stuempkei_JAE4661;Kadarsanomys_sodyi_MZB-Sample;Lenomys_meyeri_LSUMZ39079;Leopoldomys_sabanus_Z25191;Limnomys_sibuanus_FMNH147948;Margaretamys_christinae_TMar1;Margaretamys_parvus_NMVZ21833;Melasmothrix_naso_Z21808;Nesokia_indica_ABTC117074;Niviventer_bukit_LSUMZ38136;Niviventer_lepturus_JAE4746;Niviventer_rapit_LSUMZ38196;Papagomys_armandvillei_WAMM32592;Paruromys_dominator_JAE4870;Paucidentomys_vermidax_Z21914;Rattus_argentiventer_LSUMZ38199;Rattus_colletti_RAT25;Rattus_exulans_sample1;Rattus_hoffmanni_LSUMZ39187;Rattus_leucopus_sample1;Rattus_lutreolus_sample2;Rattus_morotaiensis_ASAM29;Rattus_praetor_sample1;Rattus_tunneyi_RAT130;Rattus_villosissimus_sample1;Rattus_xanthurus_LSUMZ39196;rnor6;Saxatilomys_paulinae_ABTC116266;Sommeromys_macrorhinos_Z21740;Sundamys_annandalei_YS118;Sundamys_muelleri_JAE1283;Taeromys_callitrichus_LSUMZ37153;Taeromys_celebensis_NMVZ20637;Taeromys_hamatus_NMVZ63317;Taeromys_punicans_MVZ225815;Taeromys_taerae_LSUMZ39224;Tarsomys_apoensis_KU167148;Tateomys_macrocercus_Z21834;Tateomys_rhinogradoides_Z21785;Waiomys_mamasae_Z20624","internal",1.61637670384058
203,"Echiothrix_centrosa_Z27993;Gracilimus_radix_Z08508;Hyorhinomys_stuempkei_JAE4661;Melasmothrix_naso_Z21808;Paucidentomys_vermidax_Z21914;Sommeromys_macrorhinos_Z21740;Tateomys_macrocercus_Z21834;Tateomys_rhinogradoides_Z21785;Waiomys_mamasae_Z20624","internal",0.963582597956539
204,"Gracilimus_radix_Z08508;Hyorhinomys_stuempkei_JAE4661;Sommeromys_macrorhinos_Z21740;Waiomys_mamasae_Z20624","internal",0.122064642776037
205,"Gracilimus_radix_Z08508;Sommeromys_macrorhinos_Z21740;Waiomys_mamasae_Z20624","internal",0.0463941115854469
206,"Gracilimus_radix_Z08508;Waiomys_mamasae_Z20624","internal",2.11528921595448
207,"Echiothrix_centrosa_Z27993;Melasmothrix_naso_Z21808;Paucidentomys_vermidax_Z21914;Tateomys_macrocercus_Z21834;Tateomys_rhinogradoides_Z21785","internal",0.261134063055198
208,"Echiothrix_centrosa_Z27993;Paucidentomys_vermidax_Z21914","internal",0.202662481877177
209,"Melasmothrix_naso_Z21808;Tateomys_macrocercus_Z21834;Tateomys_rhinogradoides_Z21785","internal",0.955013658537783
210,"Melasmothrix_naso_Z21808;Tateomys_macrocercus_Z21834","internal",0.074121495090221
211,"Anonymomys_mindorensis_FMNH2222010;Bandicota_indica_ABTC119185;Berylmys_bowersi_ABTC116431;Berylmys_mackenziei_ABTC116402;Bullimus_bagobus_JAE1712;Bunomys_andrewsi_sample1;Bunomys_chrysocomus_JAE4867;Bunomys_torajae_NMVZ21736;Eropeplus_canus_NMVZ21733;Genus_sp-nov_NMVZ21816;Halmaheramys_bokimekot_33262-WD225;Kadarsanomys_sodyi_MZB-Sample;Lenomys_meyeri_LSUMZ39079;Leopoldomys_sabanus_Z25191;Limnomys_sibuanus_FMNH147948;Margaretamys_christinae_TMar1;Margaretamys_parvus_NMVZ21833;Nesokia_indica_ABTC117074;Niviventer_bukit_LSUMZ38136;Niviventer_lepturus_JAE4746;Niviventer_rapit_LSUMZ38196;Papagomys_armandvillei_WAMM32592;Paruromys_dominator_JAE4870;Rattus_argentiventer_LSUMZ38199;Rattus_colletti_RAT25;Rattus_exulans_sample1;Rattus_hoffmanni_LSUMZ39187;Rattus_leucopus_sample1;Rattus_lutreolus_sample2;Rattus_morotaiensis_ASAM29;Rattus_praetor_sample1;Rattus_tunneyi_RAT130;Rattus_villosissimus_sample1;Rattus_xanthurus_LSUMZ39196;rnor6;Saxatilomys_paulinae_ABTC116266;Sundamys_annandalei_YS118;Sundamys_muelleri_JAE1283;Taeromys_callitrichus_LSUMZ37153;Taeromys_celebensis_NMVZ20637;Taeromys_hamatus_NMVZ63317;Taeromys_punicans_MVZ225815;Taeromys_taerae_LSUMZ39224;Tarsomys_apoensis_KU167148","internal",0.241831036278922
212,"Anonymomys_mindorensis_FMNH2222010;Leopoldomys_sabanus_Z25191;Margaretamys_christinae_TMar1;Margaretamys_parvus_NMVZ21833;Niviventer_bukit_LSUMZ38136;Niviventer_lepturus_JAE4746;Niviventer_rapit_LSUMZ38196;Saxatilomys_paulinae_ABTC116266","internal",1.3780790456068
213,"Anonymomys_mindorensis_FMNH2222010;Leopoldomys_sabanus_Z25191;Margaretamys_christinae_TMar1;Margaretamys_parvus_NMVZ21833;Niviventer_bukit_LSUMZ38136;Niviventer_lepturus_JAE4746;Niviventer_rapit_LSUMZ38196","internal",0.582253038638094
214,"Margaretamys_christinae_TMar1;Margaretamys_parvus_NMVZ21833","internal",1.58822389424183
215,"Anonymomys_mindorensis_FMNH2222010;Leopoldomys_sabanus_Z25191;Niviventer_bukit_LSUMZ38136;Niviventer_lepturus_JAE4746;Niviventer_rapit_LSUMZ38196","internal",0.596526867346884
216,"Anonymomys_mindorensis_FMNH2222010;Niviventer_bukit_LSUMZ38136;Niviventer_lepturus_JAE4746;Niviventer_rapit_LSUMZ38196","internal",0.341223882332773
217,"Niviventer_bukit_LSUMZ38136;Niviventer_lepturus_JAE4746;Niviventer_rapit_LSUMZ38196","internal",1.35733371450279
218,"Niviventer_bukit_LSUMZ38136;Niviventer_rapit_LSUMZ38196","internal",2.35982161671939
219,"Bandicota_indica_ABTC119185;Berylmys_bowersi_ABTC116431;Berylmys_mackenziei_ABTC116402;Bullimus_bagobus_JAE1712;Bunomys_andrewsi_sample1;Bunomys_chrysocomus_JAE4867;Bunomys_torajae_NMVZ21736;Eropeplus_canus_NMVZ21733;Genus_sp-nov_NMVZ21816;Halmaheramys_bokimekot_33262-WD225;Kadarsanomys_sodyi_MZB-Sample;Lenomys_meyeri_LSUMZ39079;Limnomys_sibuanus_FMNH147948;Nesokia_indica_ABTC117074;Papagomys_armandvillei_WAMM32592;Paruromys_dominator_JAE4870;Rattus_argentiventer_LSUMZ38199;Rattus_colletti_RAT25;Rattus_exulans_sample1;Rattus_hoffmanni_LSUMZ39187;Rattus_leucopus_sample1;Rattus_lutreolus_sample2;Rattus_morotaiensis_ASAM29;Rattus_praetor_sample1;Rattus_tunneyi_RAT130;Rattus_villosissimus_sample1;Rattus_xanthurus_LSUMZ39196;rnor6;Sundamys_annandalei_YS118;Sundamys_muelleri_JAE1283;Taeromys_callitrichus_LSUMZ37153;Taeromys_celebensis_NMVZ20637;Taeromys_hamatus_NMVZ63317;Taeromys_punicans_MVZ225815;Taeromys_taerae_LSUMZ39224;Tarsomys_apoensis_KU167148","internal",1.67453400363035
220,"Berylmys_bowersi_ABTC116431;Berylmys_mackenziei_ABTC116402","internal",2.16524614288948
221,"Bandicota_indica_ABTC119185;Bullimus_bagobus_JAE1712;Bunomys_andrewsi_sample1;Bunomys_chrysocomus_JAE4867;Bunomys_torajae_NMVZ21736;Eropeplus_canus_NMVZ21733;Genus_sp-nov_NMVZ21816;Halmaheramys_bokimekot_33262-WD225;Kadarsanomys_sodyi_MZB-Sample;Lenomys_meyeri_LSUMZ39079;Limnomys_sibuanus_FMNH147948;Nesokia_indica_ABTC117074;Papagomys_armandvillei_WAMM32592;Paruromys_dominator_JAE4870;Rattus_argentiventer_LSUMZ38199;Rattus_colletti_RAT25;Rattus_exulans_sample1;Rattus_hoffmanni_LSUMZ39187;Rattus_leucopus_sample1;Rattus_lutreolus_sample2;Rattus_morotaiensis_ASAM29;Rattus_praetor_sample1;Rattus_tunneyi_RAT130;Rattus_villosissimus_sample1;Rattus_xanthurus_LSUMZ39196;rnor6;Sundamys_annandalei_YS118;Sundamys_muelleri_JAE1283;Taeromys_callitrichus_LSUMZ37153;Taeromys_celebensis_NMVZ20637;Taeromys_hamatus_NMVZ63317;Taeromys_punicans_MVZ225815;Taeromys_taerae_LSUMZ39224;Tarsomys_apoensis_KU167148","internal",0.991721360215073
222,"Bandicota_indica_ABTC119185;Kadarsanomys_sodyi_MZB-Sample;Limnomys_sibuanus_FMNH147948;Nesokia_indica_ABTC117074;Rattus_argentiventer_LSUMZ38199;Rattus_colletti_RAT25;Rattus_exulans_sample1;Rattus_hoffmanni_LSUMZ39187;Rattus_leucopus_sample1;Rattus_lutreolus_sample2;Rattus_morotaiensis_ASAM29;Rattus_praetor_sample1;Rattus_tunneyi_RAT130;Rattus_villosissimus_sample1;Rattus_xanthurus_LSUMZ39196;rnor6;Tarsomys_apoensis_KU167148","internal",0.645688285465183
223,"Bandicota_indica_ABTC119185;Nesokia_indica_ABTC117074","internal",1.46027762947556
224,"Kadarsanomys_sodyi_MZB-Sample;Limnomys_sibuanus_FMNH147948;Rattus_argentiventer_LSUMZ38199;Rattus_colletti_RAT25;Rattus_exulans_sample1;Rattus_hoffmanni_LSUMZ39187;Rattus_leucopus_sample1;Rattus_lutreolus_sample2;Rattus_morotaiensis_ASAM29;Rattus_praetor_sample1;Rattus_tunneyi_RAT130;Rattus_villosissimus_sample1;Rattus_xanthurus_LSUMZ39196;rnor6;Tarsomys_apoensis_KU167148","internal",0.384174773534127
225,"Rattus_argentiventer_LSUMZ38199;Rattus_exulans_sample1;Rattus_hoffmanni_LSUMZ39187;rnor6","internal",0.466110630670809
226,"Rattus_argentiventer_LSUMZ38199;Rattus_hoffmanni_LSUMZ39187;rnor6","internal",0.0624462765197451
227,"Rattus_argentiventer_LSUMZ38199;Rattus_hoffmanni_LSUMZ39187","internal",0.57238287613368
228,"Kadarsanomys_sodyi_MZB-Sample;Limnomys_sibuanus_FMNH147948;Rattus_colletti_RAT25;Rattus_leucopus_sample1;Rattus_lutreolus_sample2;Rattus_morotaiensis_ASAM29;Rattus_praetor_sample1;Rattus_tunneyi_RAT130;Rattus_villosissimus_sample1;Rattus_xanthurus_LSUMZ39196;Tarsomys_apoensis_KU167148","internal",0.164423121687208
229,"Limnomys_sibuanus_FMNH147948;Rattus_colletti_RAT25;Rattus_leucopus_sample1;Rattus_lutreolus_sample2;Rattus_morotaiensis_ASAM29;Rattus_praetor_sample1;Rattus_tunneyi_RAT130;Rattus_villosissimus_sample1;Rattus_xanthurus_LSUMZ39196;Tarsomys_apoensis_KU167148","internal",0.191545560910603
230,"Limnomys_sibuanus_FMNH147948;Tarsomys_apoensis_KU167148","internal",0.82909941915164
231,"Rattus_colletti_RAT25;Rattus_leucopus_sample1;Rattus_lutreolus_sample2;Rattus_morotaiensis_ASAM29;Rattus_praetor_sample1;Rattus_tunneyi_RAT130;Rattus_villosissimus_sample1;Rattus_xanthurus_LSUMZ39196","internal",0.616368772119391
232,"Rattus_colletti_RAT25;Rattus_leucopus_sample1;Rattus_lutreolus_sample2;Rattus_morotaiensis_ASAM29;Rattus_praetor_sample1;Rattus_tunneyi_RAT130;Rattus_villosissimus_sample1","internal",0.501689929878136
233,"Rattus_colletti_RAT25;Rattus_leucopus_sample1;Rattus_lutreolus_sample2;Rattus_praetor_sample1;Rattus_tunneyi_RAT130;Rattus_villosissimus_sample1","internal",0.238561136622142
234,"Rattus_leucopus_sample1;Rattus_praetor_sample1","internal",0.0591261197553893
235,"Rattus_colletti_RAT25;Rattus_lutreolus_sample2;Rattus_tunneyi_RAT130;Rattus_villosissimus_sample1","internal",0.276423688570495
236,"Rattus_colletti_RAT25;Rattus_tunneyi_RAT130;Rattus_villosissimus_sample1","internal",0.0206682616757591
237,"Rattus_colletti_RAT25;Rattus_villosissimus_sample1","internal",0.611389450860202
238,"Bullimus_bagobus_JAE1712;Bunomys_andrewsi_sample1;Bunomys_chrysocomus_JAE4867;Bunomys_torajae_NMVZ21736;Eropeplus_canus_NMVZ21733;Genus_sp-nov_NMVZ21816;Halmaheramys_bokimekot_33262-WD225;Lenomys_meyeri_LSUMZ39079;Papagomys_armandvillei_WAMM32592;Paruromys_dominator_JAE4870;Sundamys_annandalei_YS118;Sundamys_muelleri_JAE1283;Taeromys_callitrichus_LSUMZ37153;Taeromys_celebensis_NMVZ20637;Taeromys_hamatus_NMVZ63317;Taeromys_punicans_MVZ225815;Taeromys_taerae_LSUMZ39224","internal",0.314810874904856
239,"Sundamys_annandalei_YS118;Sundamys_muelleri_JAE1283","internal",0.851422283294259
240,"Bullimus_bagobus_JAE1712;Bunomys_andrewsi_sample1;Bunomys_chrysocomus_JAE4867;Bunomys_torajae_NMVZ21736;Eropeplus_canus_NMVZ21733;Genus_sp-nov_NMVZ21816;Halmaheramys_bokimekot_33262-WD225;Lenomys_meyeri_LSUMZ39079;Papagomys_armandvillei_WAMM32592;Paruromys_dominator_JAE4870;Taeromys_callitrichus_LSUMZ37153;Taeromys_celebensis_NMVZ20637;Taeromys_hamatus_NMVZ63317;Taeromys_punicans_MVZ225815;Taeromys_taerae_LSUMZ39224","internal",0.188833223558829
241,"Bunomys_andrewsi_sample1;Bunomys_chrysocomus_JAE4867;Bunomys_torajae_NMVZ21736;Eropeplus_canus_NMVZ21733;Genus_sp-nov_NMVZ21816;Halmaheramys_bokimekot_33262-WD225;Lenomys_meyeri_LSUMZ39079;Papagomys_armandvillei_WAMM32592;Paruromys_dominator_JAE4870;Taeromys_callitrichus_LSUMZ37153;Taeromys_celebensis_NMVZ20637;Taeromys_hamatus_NMVZ63317;Taeromys_punicans_MVZ225815;Taeromys_taerae_LSUMZ39224","internal",0.0257560961637812
242,"Bunomys_andrewsi_sample1;Bunomys_chrysocomus_JAE4867;Bunomys_torajae_NMVZ21736;Eropeplus_canus_NMVZ21733;Genus_sp-nov_NMVZ21816;Halmaheramys_bokimekot_33262-WD225;Lenomys_meyeri_LSUMZ39079;Paruromys_dominator_JAE4870;Taeromys_callitrichus_LSUMZ37153;Taeromys_celebensis_NMVZ20637;Taeromys_hamatus_NMVZ63317;Taeromys_punicans_MVZ225815;Taeromys_taerae_LSUMZ39224","internal",0.146177799262984
243,"Bunomys_andrewsi_sample1;Bunomys_chrysocomus_JAE4867;Bunomys_torajae_NMVZ21736;Eropeplus_canus_NMVZ21733;Genus_sp-nov_NMVZ21816;Lenomys_meyeri_LSUMZ39079;Paruromys_dominator_JAE4870;Taeromys_callitrichus_LSUMZ37153;Taeromys_celebensis_NMVZ20637;Taeromys_hamatus_NMVZ63317;Taeromys_punicans_MVZ225815;Taeromys_taerae_LSUMZ39224","internal",0.144843415373712
244,"Bunomys_andrewsi_sample1;Bunomys_chrysocomus_JAE4867;Bunomys_torajae_NMVZ21736","internal",0.28859419523403
245,"Bunomys_chrysocomus_JAE4867;Bunomys_torajae_NMVZ21736","internal",0.364341287324318
246,"Eropeplus_canus_NMVZ21733;Genus_sp-nov_NMVZ21816;Lenomys_meyeri_LSUMZ39079;Paruromys_dominator_JAE4870;Taeromys_callitrichus_LSUMZ37153;Taeromys_celebensis_NMVZ20637;Taeromys_hamatus_NMVZ63317;Taeromys_punicans_MVZ225815;Taeromys_taerae_LSUMZ39224","internal",0.272327963798877
247,"Taeromys_callitrichus_LSUMZ37153;Taeromys_hamatus_NMVZ63317;Taeromys_punicans_MVZ225815;Taeromys_taerae_LSUMZ39224","internal",0.597121393855613
248,"Taeromys_callitrichus_LSUMZ37153;Taeromys_punicans_MVZ225815","internal",1.28131279921671
249,"Taeromys_hamatus_NMVZ63317;Taeromys_taerae_LSUMZ39224","internal",0.526879957036802
250,"Eropeplus_canus_NMVZ21733;Genus_sp-nov_NMVZ21816;Lenomys_meyeri_LSUMZ39079;Paruromys_dominator_JAE4870;Taeromys_celebensis_NMVZ20637","internal",0.03672359140117
251,"Eropeplus_canus_NMVZ21733;Lenomys_meyeri_LSUMZ39079;Paruromys_dominator_JAE4870;Taeromys_celebensis_NMVZ20637","internal",0.242480349428289
252,"Paruromys_dominator_JAE4870;Taeromys_celebensis_NMVZ20637","internal",0.191382971855149
253,"Eropeplus_canus_NMVZ21733;Lenomys_meyeri_LSUMZ39079","internal",0.0448175773143566
254,"Abeomelomys_sevia_KUM161018;Aethomys_hindei_MVZ196257;Aethomys_nyikae_FMNH196708;Anisomys_imitator_ABTC45107;Apodemus_sylvaticus_SMG3823;Apomys_lubangensis_JAE169;Archboldomys_luzonensis_EAR1826;Arvicanthus_neumanni_FMNH158037;Arvicanthus_niloticus_MNHN1999201;Chiropodomys_gliroides_Z25153;Chiruromys_vates_ABTC43096;Chrotomys_mindorensis_JAE520;Chrotomys_whiteheadi_KU168311;Coccymys_ruemmleri_ABTC49489;Colomys_goslingi_TCD4175;Conilurus_albipes_NMV-c7585;Conilurus_penicillatus_M14056;Crossomys_moncktoni_ABTC46614;Dasymys_incomtus_LSUMZ37702;Dasymys_montanus_FMNH144389;Dephomys_defua_MNHNR24062;Grammomys_dryas_LSUMZ37716;Haeromys_minahassae_JAE4996;Heimyscus_fumosus_FMNH167810;Hybomys_lunaris_LSUMZ37734;Hybomys_planifrons_R24117;Hybomys_univittatus_TCD4026;Hydromys_chrysogaster_Z5248;Hydromys_sp-nov_YS391;Hylomyscus_stella_LSUMZ37742;Hylomyscus_vulcanorum_TCD4382;Hyomys_goliath_ABTC42697;Leggadina_forresti_WAMM62323;Leggadina_lakedownensis_WAMM21623;Lemniscomys_striatus_TCD4711;Leporillus_apicalis_C90;Leporillus_conditor_ABTC13335;Leptomys_elegans_ABTC45741;Lorentzimys_nouhuysi_ABTC-46314;Macruromys_major_ABTC43909;Malacomys_longipes_TCD4253;Mallomys_rothschildi_ABTC47402;Mammelomys_lanosus_ABTC47208;Mastacomys_fuscus_M13957;Mastomys_natalensis_T4162;Melomys_rufescens_ABTC44798;Mesembriomys_gouldii_ABTC7449;Mesembriomys_macrurus_ABTC7337;Micaelemys_namaquensis_MNHN1987009;Microhydromys_richardsoni_ANWCM35851;Mirzamys_louiseae_ABTC133754;mm10;Mus_caroli_10460X9;Mus_cervicolor_10460X10;Mus_cookii_10460X3;Mus_macedonicus_10460X12;Mus_minutoides_10460X2;Mus_musculoides_LSUMZ37820;Mus_musculus-castaneus_10460X7;Mus_musculus-domesticus_10460X15;Mus_musculus-musculus_10460X14;Mus_musculus-reference_10460X5;Mus_pahari_10460X1;Mus_platythrix_10460X13;Mus_spicilegus_10460X11;Mus_spretus_10460X4;Mylomys_dybowskii_MNHN1997072;Myomyscus_verreauxii_MNHN1999102;Notomys_alexis_U1308;Notomys_aquilo_M-32455;Notomys_cervinus_M22857;Notomys_fuscus_M22830;Notomys_mitchellii_M21518;Oenomys_hypoxanthus_LSUMZ37838;Otomys_denti_LSUMZ37840;Otomys_tropicalis_LSUMZ37841;Parahydromys_asper_ABTC45798;Paraleptomys_wilhelmina_H126-ABTC133716;Pelomys_isseli_FMNH137886;Pelomys_minor_FMNH219213;Pithecheir_melanurus_LSUMZ38198;Pogonomelomys_mayeri_AMM21849;Pogonomys_macrourus_ABTC43144;Praomys_degraaffi_TCD4312;Praomys_jacksoni_REC31;Pseudohydromys_pumehanae_ABTC43920;Pseudomys_albocinereus_WAMM18855;Pseudomys_apodemoides_M16672;Pseudomys_australis_M25541;Pseudomys_bolami_ABTC107389;Pseudomys_calabyi_U4324;Pseudomys_chapmani_WAMM29440;Pseudomys_delicatulus_U1509;Pseudomys_desertor_ABTC41464;Pseudomys_fumeus_ABTC08168;Pseudomys_gracilicaudatus_ABTC08163;Pseudomys_hermannsburgensis_ABTC08067;Pseudomys_higginsi_UC1421;Pseudomys_johnsoni_ABTC08053;Pseudomys_nanus_U1448;Pseudomys_novaehollandiae_ABTC08140;Pseudomys_occidentalis_ABTC08043;Pseudomys_oralis_RAT7;Pseudomys_patrius_JM10865;Pseudomys_shortridgei_Z25113;Rhabdomys_pumilio_MNHN1995065;Rhynchomys_isarogensis_JAE2195;Solomys_salebrosus_ABTC64864;Stochomys_longicaudatus_MNHN1999459;Thallomys_paedulcus_FMNH158089;Thamnomys_kempi_TCD4437;Thamnomys_venustus_LSUMZ37935;Uromys_caudimaculatus_DT10Uc01;Uromys_sp-nov_YS380;Vandeleuria_oleracea_ABTC116404;Xenuromys_barbatus_ABTC129204;Xeromys_myoides_ABTC30709;Zelotomys_woosnami_TTU-M115260;Zyzomys_argurus_ABTC61630;Zyzomys_maini_ABTC07900;Zyzomys_palatalis_ABTC30744;Zyzomys_pedunculatus_Z34925;Zyzomys_woodwardi_WAMM21724","internal",0.462547484406995
255,"Abeomelomys_sevia_KUM161018;Anisomys_imitator_ABTC45107;Apomys_lubangensis_JAE169;Archboldomys_luzonensis_EAR1826;Chiropodomys_gliroides_Z25153;Chiruromys_vates_ABTC43096;Chrotomys_mindorensis_JAE520;Chrotomys_whiteheadi_KU168311;Coccymys_ruemmleri_ABTC49489;Conilurus_albipes_NMV-c7585;Conilurus_penicillatus_M14056;Crossomys_moncktoni_ABTC46614;Haeromys_minahassae_JAE4996;Hydromys_chrysogaster_Z5248;Hydromys_sp-nov_YS391;Hyomys_goliath_ABTC42697;Leggadina_forresti_WAMM62323;Leggadina_lakedownensis_WAMM21623;Leporillus_apicalis_C90;Leporillus_conditor_ABTC13335;Leptomys_elegans_ABTC45741;Lorentzimys_nouhuysi_ABTC-46314;Macruromys_major_ABTC43909;Mallomys_rothschildi_ABTC47402;Mammelomys_lanosus_ABTC47208;Mastacomys_fuscus_M13957;Melomys_rufescens_ABTC44798;Mesembriomys_gouldii_ABTC7449;Mesembriomys_macrurus_ABTC7337;Microhydromys_richardsoni_ANWCM35851;Mirzamys_louiseae_ABTC133754;Notomys_alexis_U1308;Notomys_aquilo_M-32455;Notomys_cervinus_M22857;Notomys_fuscus_M22830;Notomys_mitchellii_M21518;Parahydromys_asper_ABTC45798;Paraleptomys_wilhelmina_H126-ABTC133716;Pogonomelomys_mayeri_AMM21849;Pogonomys_macrourus_ABTC43144;Pseudohydromys_pumehanae_ABTC43920;Pseudomys_albocinereus_WAMM18855;Pseudomys_apodemoides_M16672;Pseudomys_australis_M25541;Pseudomys_bolami_ABTC107389;Pseudomys_calabyi_U4324;Pseudomys_chapmani_WAMM29440;Pseudomys_delicatulus_U1509;Pseudomys_desertor_ABTC41464;Pseudomys_fumeus_ABTC08168;Pseudomys_gracilicaudatus_ABTC08163;Pseudomys_hermannsburgensis_ABTC08067;Pseudomys_higginsi_UC1421;Pseudomys_johnsoni_ABTC08053;Pseudomys_nanus_U1448;Pseudomys_novaehollandiae_ABTC08140;Pseudomys_occidentalis_ABTC08043;Pseudomys_oralis_RAT7;Pseudomys_patrius_JM10865;Pseudomys_shortridgei_Z25113;Rhynchomys_isarogensis_JAE2195;Solomys_salebrosus_ABTC64864;Uromys_caudimaculatus_DT10Uc01;Uromys_sp-nov_YS380;Xenuromys_barbatus_ABTC129204;Xeromys_myoides_ABTC30709;Zyzomys_argurus_ABTC61630;Zyzomys_maini_ABTC07900;Zyzomys_palatalis_ABTC30744;Zyzomys_pedunculatus_Z34925;Zyzomys_woodwardi_WAMM21724","internal",1.36775203733997
256,"Abeomelomys_sevia_KUM161018;Anisomys_imitator_ABTC45107;Apomys_lubangensis_JAE169;Archboldomys_luzonensis_EAR1826;Chiruromys_vates_ABTC43096;Chrotomys_mindorensis_JAE520;Chrotomys_whiteheadi_KU168311;Coccymys_ruemmleri_ABTC49489;Conilurus_albipes_NMV-c7585;Conilurus_penicillatus_M14056;Crossomys_moncktoni_ABTC46614;Haeromys_minahassae_JAE4996;Hydromys_chrysogaster_Z5248;Hydromys_sp-nov_YS391;Hyomys_goliath_ABTC42697;Leggadina_forresti_WAMM62323;Leggadina_lakedownensis_WAMM21623;Leporillus_apicalis_C90;Leporillus_conditor_ABTC13335;Leptomys_elegans_ABTC45741;Lorentzimys_nouhuysi_ABTC-46314;Macruromys_major_ABTC43909;Mallomys_rothschildi_ABTC47402;Mammelomys_lanosus_ABTC47208;Mastacomys_fuscus_M13957;Melomys_rufescens_ABTC44798;Mesembriomys_gouldii_ABTC7449;Mesembriomys_macrurus_ABTC7337;Microhydromys_richardsoni_ANWCM35851;Mirzamys_louiseae_ABTC133754;Notomys_alexis_U1308;Notomys_aquilo_M-32455;Notomys_cervinus_M22857;Notomys_fuscus_M22830;Notomys_mitchellii_M21518;Parahydromys_asper_ABTC45798;Paraleptomys_wilhelmina_H126-ABTC133716;Pogonomelomys_mayeri_AMM21849;Pogonomys_macrourus_ABTC43144;Pseudohydromys_pumehanae_ABTC43920;Pseudomys_albocinereus_WAMM18855;Pseudomys_apodemoides_M16672;Pseudomys_australis_M25541;Pseudomys_bolami_ABTC107389;Pseudomys_calabyi_U4324;Pseudomys_chapmani_WAMM29440;Pseudomys_delicatulus_U1509;Pseudomys_desertor_ABTC41464;Pseudomys_fumeus_ABTC08168;Pseudomys_gracilicaudatus_ABTC08163;Pseudomys_hermannsburgensis_ABTC08067;Pseudomys_higginsi_UC1421;Pseudomys_johnsoni_ABTC08053;Pseudomys_nanus_U1448;Pseudomys_novaehollandiae_ABTC08140;Pseudomys_occidentalis_ABTC08043;Pseudomys_oralis_RAT7;Pseudomys_patrius_JM10865;Pseudomys_shortridgei_Z25113;Rhynchomys_isarogensis_JAE2195;Solomys_salebrosus_ABTC64864;Uromys_caudimaculatus_DT10Uc01;Uromys_sp-nov_YS380;Xenuromys_barbatus_ABTC129204;Xeromys_myoides_ABTC30709;Zyzomys_argurus_ABTC61630;Zyzomys_maini_ABTC07900;Zyzomys_palatalis_ABTC30744;Zyzomys_pedunculatus_Z34925;Zyzomys_woodwardi_WAMM21724","internal",1.07295194309626
257,"Abeomelomys_sevia_KUM161018;Anisomys_imitator_ABTC45107;Apomys_lubangensis_JAE169;Archboldomys_luzonensis_EAR1826;Chiruromys_vates_ABTC43096;Chrotomys_mindorensis_JAE520;Chrotomys_whiteheadi_KU168311;Coccymys_ruemmleri_ABTC49489;Conilurus_albipes_NMV-c7585;Conilurus_penicillatus_M14056;Crossomys_moncktoni_ABTC46614;Hydromys_chrysogaster_Z5248;Hydromys_sp-nov_YS391;Hyomys_goliath_ABTC42697;Leggadina_forresti_WAMM62323;Leggadina_lakedownensis_WAMM21623;Leporillus_apicalis_C90;Leporillus_conditor_ABTC13335;Leptomys_elegans_ABTC45741;Lorentzimys_nouhuysi_ABTC-46314;Macruromys_major_ABTC43909;Mallomys_rothschildi_ABTC47402;Mammelomys_lanosus_ABTC47208;Mastacomys_fuscus_M13957;Melomys_rufescens_ABTC44798;Mesembriomys_gouldii_ABTC7449;Mesembriomys_macrurus_ABTC7337;Microhydromys_richardsoni_ANWCM35851;Mirzamys_louiseae_ABTC133754;Notomys_alexis_U1308;Notomys_aquilo_M-32455;Notomys_cervinus_M22857;Notomys_fuscus_M22830;Notomys_mitchellii_M21518;Parahydromys_asper_ABTC45798;Paraleptomys_wilhelmina_H126-ABTC133716;Pogonomelomys_mayeri_AMM21849;Pogonomys_macrourus_ABTC43144;Pseudohydromys_pumehanae_ABTC43920;Pseudomys_albocinereus_WAMM18855;Pseudomys_apodemoides_M16672;Pseudomys_australis_M25541;Pseudomys_bolami_ABTC107389;Pseudomys_calabyi_U4324;Pseudomys_chapmani_WAMM29440;Pseudomys_delicatulus_U1509;Pseudomys_desertor_ABTC41464;Pseudomys_fumeus_ABTC08168;Pseudomys_gracilicaudatus_ABTC08163;Pseudomys_hermannsburgensis_ABTC08067;Pseudomys_higginsi_UC1421;Pseudomys_johnsoni_ABTC08053;Pseudomys_nanus_U1448;Pseudomys_novaehollandiae_ABTC08140;Pseudomys_occidentalis_ABTC08043;Pseudomys_oralis_RAT7;Pseudomys_patrius_JM10865;Pseudomys_shortridgei_Z25113;Rhynchomys_isarogensis_JAE2195;Solomys_salebrosus_ABTC64864;Uromys_caudimaculatus_DT10Uc01;Uromys_sp-nov_YS380;Xenuromys_barbatus_ABTC129204;Xeromys_myoides_ABTC30709;Zyzomys_argurus_ABTC61630;Zyzomys_maini_ABTC07900;Zyzomys_palatalis_ABTC30744;Zyzomys_pedunculatus_Z34925;Zyzomys_woodwardi_WAMM21724","internal",0.649898224239126
258,"Apomys_lubangensis_JAE169;Archboldomys_luzonensis_EAR1826;Chrotomys_mindorensis_JAE520;Chrotomys_whiteheadi_KU168311;Rhynchomys_isarogensis_JAE2195","internal",1.53630456930743
259,"Archboldomys_luzonensis_EAR1826;Chrotomys_mindorensis_JAE520;Chrotomys_whiteheadi_KU168311;Rhynchomys_isarogensis_JAE2195","internal",0.895322635071475
260,"Chrotomys_mindorensis_JAE520;Chrotomys_whiteheadi_KU168311;Rhynchomys_isarogensis_JAE2195","internal",0.227025361739134
261,"Chrotomys_mindorensis_JAE520;Chrotomys_whiteheadi_KU168311","internal",2.26052823059283
262,"Abeomelomys_sevia_KUM161018;Anisomys_imitator_ABTC45107;Chiruromys_vates_ABTC43096;Coccymys_ruemmleri_ABTC49489;Conilurus_albipes_NMV-c7585;Conilurus_penicillatus_M14056;Crossomys_moncktoni_ABTC46614;Hydromys_chrysogaster_Z5248;Hydromys_sp-nov_YS391;Hyomys_goliath_ABTC42697;Leggadina_forresti_WAMM62323;Leggadina_lakedownensis_WAMM21623;Leporillus_apicalis_C90;Leporillus_conditor_ABTC13335;Leptomys_elegans_ABTC45741;Lorentzimys_nouhuysi_ABTC-46314;Macruromys_major_ABTC43909;Mallomys_rothschildi_ABTC47402;Mammelomys_lanosus_ABTC47208;Mastacomys_fuscus_M13957;Melomys_rufescens_ABTC44798;Mesembriomys_gouldii_ABTC7449;Mesembriomys_macrurus_ABTC7337;Microhydromys_richardsoni_ANWCM35851;Mirzamys_louiseae_ABTC133754;Notomys_alexis_U1308;Notomys_aquilo_M-32455;Notomys_cervinus_M22857;Notomys_fuscus_M22830;Notomys_mitchellii_M21518;Parahydromys_asper_ABTC45798;Paraleptomys_wilhelmina_H126-ABTC133716;Pogonomelomys_mayeri_AMM21849;Pogonomys_macrourus_ABTC43144;Pseudohydromys_pumehanae_ABTC43920;Pseudomys_albocinereus_WAMM18855;Pseudomys_apodemoides_M16672;Pseudomys_australis_M25541;Pseudomys_bolami_ABTC107389;Pseudomys_calabyi_U4324;Pseudomys_chapmani_WAMM29440;Pseudomys_delicatulus_U1509;Pseudomys_desertor_ABTC41464;Pseudomys_fumeus_ABTC08168;Pseudomys_gracilicaudatus_ABTC08163;Pseudomys_hermannsburgensis_ABTC08067;Pseudomys_higginsi_UC1421;Pseudomys_johnsoni_ABTC08053;Pseudomys_nanus_U1448;Pseudomys_novaehollandiae_ABTC08140;Pseudomys_occidentalis_ABTC08043;Pseudomys_oralis_RAT7;Pseudomys_patrius_JM10865;Pseudomys_shortridgei_Z25113;Solomys_salebrosus_ABTC64864;Uromys_caudimaculatus_DT10Uc01;Uromys_sp-nov_YS380;Xenuromys_barbatus_ABTC129204;Xeromys_myoides_ABTC30709;Zyzomys_argurus_ABTC61630;Zyzomys_maini_ABTC07900;Zyzomys_palatalis_ABTC30744;Zyzomys_pedunculatus_Z34925;Zyzomys_woodwardi_WAMM21724","internal",0.457200489632886
263,"Anisomys_imitator_ABTC45107;Chiruromys_vates_ABTC43096;Hyomys_goliath_ABTC42697;Lorentzimys_nouhuysi_ABTC-46314;Macruromys_major_ABTC43909;Pogonomys_macrourus_ABTC43144","internal",0.14895412138444
264,"Chiruromys_vates_ABTC43096;Hyomys_goliath_ABTC42697;Lorentzimys_nouhuysi_ABTC-46314;Macruromys_major_ABTC43909;Pogonomys_macrourus_ABTC43144","internal",0.07690451123908
265,"Chiruromys_vates_ABTC43096;Hyomys_goliath_ABTC42697;Macruromys_major_ABTC43909;Pogonomys_macrourus_ABTC43144","internal",0.090128180762112
266,"Chiruromys_vates_ABTC43096;Hyomys_goliath_ABTC42697;Pogonomys_macrourus_ABTC43144","internal",0.257045605247469
267,"Hyomys_goliath_ABTC42697;Pogonomys_macrourus_ABTC43144","internal",0.151655301122756
268,"Abeomelomys_sevia_KUM161018;Coccymys_ruemmleri_ABTC49489;Conilurus_albipes_NMV-c7585;Conilurus_penicillatus_M14056;Crossomys_moncktoni_ABTC46614;Hydromys_chrysogaster_Z5248;Hydromys_sp-nov_YS391;Leggadina_forresti_WAMM62323;Leggadina_lakedownensis_WAMM21623;Leporillus_apicalis_C90;Leporillus_conditor_ABTC13335;Leptomys_elegans_ABTC45741;Mallomys_rothschildi_ABTC47402;Mammelomys_lanosus_ABTC47208;Mastacomys_fuscus_M13957;Melomys_rufescens_ABTC44798;Mesembriomys_gouldii_ABTC7449;Mesembriomys_macrurus_ABTC7337;Microhydromys_richardsoni_ANWCM35851;Mirzamys_louiseae_ABTC133754;Notomys_alexis_U1308;Notomys_aquilo_M-32455;Notomys_cervinus_M22857;Notomys_fuscus_M22830;Notomys_mitchellii_M21518;Parahydromys_asper_ABTC45798;Paraleptomys_wilhelmina_H126-ABTC133716;Pogonomelomys_mayeri_AMM21849;Pseudohydromys_pumehanae_ABTC43920;Pseudomys_albocinereus_WAMM18855;Pseudomys_apodemoides_M16672;Pseudomys_australis_M25541;Pseudomys_bolami_ABTC107389;Pseudomys_calabyi_U4324;Pseudomys_chapmani_WAMM29440;Pseudomys_delicatulus_U1509;Pseudomys_desertor_ABTC41464;Pseudomys_fumeus_ABTC08168;Pseudomys_gracilicaudatus_ABTC08163;Pseudomys_hermannsburgensis_ABTC08067;Pseudomys_higginsi_UC1421;Pseudomys_johnsoni_ABTC08053;Pseudomys_nanus_U1448;Pseudomys_novaehollandiae_ABTC08140;Pseudomys_occidentalis_ABTC08043;Pseudomys_oralis_RAT7;Pseudomys_patrius_JM10865;Pseudomys_shortridgei_Z25113;Solomys_salebrosus_ABTC64864;Uromys_caudimaculatus_DT10Uc01;Uromys_sp-nov_YS380;Xenuromys_barbatus_ABTC129204;Xeromys_myoides_ABTC30709;Zyzomys_argurus_ABTC61630;Zyzomys_maini_ABTC07900;Zyzomys_palatalis_ABTC30744;Zyzomys_pedunculatus_Z34925;Zyzomys_woodwardi_WAMM21724","internal",0.404167206705327
269,"Abeomelomys_sevia_KUM161018;Conilurus_albipes_NMV-c7585;Conilurus_penicillatus_M14056;Crossomys_moncktoni_ABTC46614;Hydromys_chrysogaster_Z5248;Hydromys_sp-nov_YS391;Leggadina_forresti_WAMM62323;Leggadina_lakedownensis_WAMM21623;Leporillus_apicalis_C90;Leporillus_conditor_ABTC13335;Leptomys_elegans_ABTC45741;Mallomys_rothschildi_ABTC47402;Mammelomys_lanosus_ABTC47208;Mastacomys_fuscus_M13957;Melomys_rufescens_ABTC44798;Mesembriomys_gouldii_ABTC7449;Mesembriomys_macrurus_ABTC7337;Microhydromys_richardsoni_ANWCM35851;Mirzamys_louiseae_ABTC133754;Notomys_alexis_U1308;Notomys_aquilo_M-32455;Notomys_cervinus_M22857;Notomys_fuscus_M22830;Notomys_mitchellii_M21518;Parahydromys_asper_ABTC45798;Paraleptomys_wilhelmina_H126-ABTC133716;Pogonomelomys_mayeri_AMM21849;Pseudohydromys_pumehanae_ABTC43920;Pseudomys_albocinereus_WAMM18855;Pseudomys_apodemoides_M16672;Pseudomys_australis_M25541;Pseudomys_bolami_ABTC107389;Pseudomys_calabyi_U4324;Pseudomys_chapmani_WAMM29440;Pseudomys_delicatulus_U1509;Pseudomys_desertor_ABTC41464;Pseudomys_fumeus_ABTC08168;Pseudomys_gracilicaudatus_ABTC08163;Pseudomys_hermannsburgensis_ABTC08067;Pseudomys_higginsi_UC1421;Pseudomys_johnsoni_ABTC08053;Pseudomys_nanus_U1448;Pseudomys_novaehollandiae_ABTC08140;Pseudomys_occidentalis_ABTC08043;Pseudomys_oralis_RAT7;Pseudomys_patrius_JM10865;Pseudomys_shortridgei_Z25113;Solomys_salebrosus_ABTC64864;Uromys_caudimaculatus_DT10Uc01;Uromys_sp-nov_YS380;Xenuromys_barbatus_ABTC129204;Xeromys_myoides_ABTC30709;Zyzomys_argurus_ABTC61630;Zyzomys_maini_ABTC07900;Zyzomys_palatalis_ABTC30744;Zyzomys_pedunculatus_Z34925;Zyzomys_woodwardi_WAMM21724","internal",0.0965256360339388
270,"Abeomelomys_sevia_KUM161018;Mallomys_rothschildi_ABTC47402;Mammelomys_lanosus_ABTC47208;Pogonomelomys_mayeri_AMM21849;Xenuromys_barbatus_ABTC129204","internal",1.04140418307235
271,"Mammelomys_lanosus_ABTC47208;Xenuromys_barbatus_ABTC129204","internal",0.944746356377345
272,"Abeomelomys_sevia_KUM161018;Mallomys_rothschildi_ABTC47402;Pogonomelomys_mayeri_AMM21849","internal",0.301251148890498
273,"Abeomelomys_sevia_KUM161018;Pogonomelomys_mayeri_AMM21849","internal",0.936217611059565
274,"Conilurus_albipes_NMV-c7585;Conilurus_penicillatus_M14056;Crossomys_moncktoni_ABTC46614;Hydromys_chrysogaster_Z5248;Hydromys_sp-nov_YS391;Leggadina_forresti_WAMM62323;Leggadina_lakedownensis_WAMM21623;Leporillus_apicalis_C90;Leporillus_conditor_ABTC13335;Leptomys_elegans_ABTC45741;Mastacomys_fuscus_M13957;Melomys_rufescens_ABTC44798;Mesembriomys_gouldii_ABTC7449;Mesembriomys_macrurus_ABTC7337;Microhydromys_richardsoni_ANWCM35851;Mirzamys_louiseae_ABTC133754;Notomys_alexis_U1308;Notomys_aquilo_M-32455;Notomys_cervinus_M22857;Notomys_fuscus_M22830;Notomys_mitchellii_M21518;Parahydromys_asper_ABTC45798;Paraleptomys_wilhelmina_H126-ABTC133716;Pseudohydromys_pumehanae_ABTC43920;Pseudomys_albocinereus_WAMM18855;Pseudomys_apodemoides_M16672;Pseudomys_australis_M25541;Pseudomys_bolami_ABTC107389;Pseudomys_calabyi_U4324;Pseudomys_chapmani_WAMM29440;Pseudomys_delicatulus_U1509;Pseudomys_desertor_ABTC41464;Pseudomys_fumeus_ABTC08168;Pseudomys_gracilicaudatus_ABTC08163;Pseudomys_hermannsburgensis_ABTC08067;Pseudomys_higginsi_UC1421;Pseudomys_johnsoni_ABTC08053;Pseudomys_nanus_U1448;Pseudomys_novaehollandiae_ABTC08140;Pseudomys_occidentalis_ABTC08043;Pseudomys_oralis_RAT7;Pseudomys_patrius_JM10865;Pseudomys_shortridgei_Z25113;Solomys_salebrosus_ABTC64864;Uromys_caudimaculatus_DT10Uc01;Uromys_sp-nov_YS380;Xeromys_myoides_ABTC30709;Zyzomys_argurus_ABTC61630;Zyzomys_maini_ABTC07900;Zyzomys_palatalis_ABTC30744;Zyzomys_pedunculatus_Z34925;Zyzomys_woodwardi_WAMM21724","internal",1.39687672478784
275,"Crossomys_moncktoni_ABTC46614;Hydromys_chrysogaster_Z5248;Hydromys_sp-nov_YS391;Leptomys_elegans_ABTC45741;Microhydromys_richardsoni_ANWCM35851;Mirzamys_louiseae_ABTC133754;Parahydromys_asper_ABTC45798;Paraleptomys_wilhelmina_H126-ABTC133716;Pseudohydromys_pumehanae_ABTC43920;Xeromys_myoides_ABTC30709","internal",1.58262882294003
276,"Crossomys_moncktoni_ABTC46614;Hydromys_chrysogaster_Z5248;Hydromys_sp-nov_YS391;Parahydromys_asper_ABTC45798","internal",1.30091078579622
277,"Hydromys_chrysogaster_Z5248;Hydromys_sp-nov_YS391;Parahydromys_asper_ABTC45798","internal",1.08918007778428
278,"Hydromys_chrysogaster_Z5248;Hydromys_sp-nov_YS391","internal",0.364828046349191
279,"Leptomys_elegans_ABTC45741;Microhydromys_richardsoni_ANWCM35851;Mirzamys_louiseae_ABTC133754;Paraleptomys_wilhelmina_H126-ABTC133716;Pseudohydromys_pumehanae_ABTC43920;Xeromys_myoides_ABTC30709","internal",0.207520739545494
280,"Microhydromys_richardsoni_ANWCM35851;Pseudohydromys_pumehanae_ABTC43920;Xeromys_myoides_ABTC30709","internal",0.43925466228192
281,"Microhydromys_richardsoni_ANWCM35851;Pseudohydromys_pumehanae_ABTC43920","internal",0.757902907840475
282,"Leptomys_elegans_ABTC45741;Mirzamys_louiseae_ABTC133754;Paraleptomys_wilhelmina_H126-ABTC133716","internal",0.123214539691569
283,"Leptomys_elegans_ABTC45741;Mirzamys_louiseae_ABTC133754","internal",0.185202701205328
284,"Conilurus_albipes_NMV-c7585;Conilurus_penicillatus_M14056;Leggadina_forresti_WAMM62323;Leggadina_lakedownensis_WAMM21623;Leporillus_apicalis_C90;Leporillus_conditor_ABTC13335;Mastacomys_fuscus_M13957;Melomys_rufescens_ABTC44798;Mesembriomys_gouldii_ABTC7449;Mesembriomys_macrurus_ABTC7337;Notomys_alexis_U1308;Notomys_aquilo_M-32455;Notomys_cervinus_M22857;Notomys_fuscus_M22830;Notomys_mitchellii_M21518;Pseudomys_albocinereus_WAMM18855;Pseudomys_apodemoides_M16672;Pseudomys_australis_M25541;Pseudomys_bolami_ABTC107389;Pseudomys_calabyi_U4324;Pseudomys_chapmani_WAMM29440;Pseudomys_delicatulus_U1509;Pseudomys_desertor_ABTC41464;Pseudomys_fumeus_ABTC08168;Pseudomys_gracilicaudatus_ABTC08163;Pseudomys_hermannsburgensis_ABTC08067;Pseudomys_higginsi_UC1421;Pseudomys_johnsoni_ABTC08053;Pseudomys_nanus_U1448;Pseudomys_novaehollandiae_ABTC08140;Pseudomys_occidentalis_ABTC08043;Pseudomys_oralis_RAT7;Pseudomys_patrius_JM10865;Pseudomys_shortridgei_Z25113;Solomys_salebrosus_ABTC64864;Uromys_caudimaculatus_DT10Uc01;Uromys_sp-nov_YS380;Zyzomys_argurus_ABTC61630;Zyzomys_maini_ABTC07900;Zyzomys_palatalis_ABTC30744;Zyzomys_pedunculatus_Z34925;Zyzomys_woodwardi_WAMM21724","internal",0.983223500736152
285,"Conilurus_albipes_NMV-c7585;Conilurus_penicillatus_M14056;Leporillus_apicalis_C90;Leporillus_conditor_ABTC13335;Melomys_rufescens_ABTC44798;Mesembriomys_gouldii_ABTC7449;Mesembriomys_macrurus_ABTC7337;Solomys_salebrosus_ABTC64864;Uromys_caudimaculatus_DT10Uc01;Uromys_sp-nov_YS380","internal",0.346208924846099
286,"Melomys_rufescens_ABTC44798;Solomys_salebrosus_ABTC64864;Uromys_caudimaculatus_DT10Uc01;Uromys_sp-nov_YS380","internal",0.289058950958289
287,"Melomys_rufescens_ABTC44798;Solomys_salebrosus_ABTC64864","internal",1.12977276971955
288,"Uromys_caudimaculatus_DT10Uc01;Uromys_sp-nov_YS380","internal",1.82011017931112
289,"Conilurus_albipes_NMV-c7585;Conilurus_penicillatus_M14056;Leporillus_apicalis_C90;Leporillus_conditor_ABTC13335;Mesembriomys_gouldii_ABTC7449;Mesembriomys_macrurus_ABTC7337","internal",0.845450173876851
290,"Leporillus_apicalis_C90;Leporillus_conditor_ABTC13335","internal",0.247029841495652
291,"Conilurus_albipes_NMV-c7585;Conilurus_penicillatus_M14056;Mesembriomys_gouldii_ABTC7449;Mesembriomys_macrurus_ABTC7337","internal",0.534404470695513
292,"Conilurus_albipes_NMV-c7585;Conilurus_penicillatus_M14056","internal",0.270712013320768
293,"Mesembriomys_gouldii_ABTC7449;Mesembriomys_macrurus_ABTC7337","internal",1.03764993425125
294,"Leggadina_forresti_WAMM62323;Leggadina_lakedownensis_WAMM21623;Mastacomys_fuscus_M13957;Notomys_alexis_U1308;Notomys_aquilo_M-32455;Notomys_cervinus_M22857;Notomys_fuscus_M22830;Notomys_mitchellii_M21518;Pseudomys_albocinereus_WAMM18855;Pseudomys_apodemoides_M16672;Pseudomys_australis_M25541;Pseudomys_bolami_ABTC107389;Pseudomys_calabyi_U4324;Pseudomys_chapmani_WAMM29440;Pseudomys_delicatulus_U1509;Pseudomys_desertor_ABTC41464;Pseudomys_fumeus_ABTC08168;Pseudomys_gracilicaudatus_ABTC08163;Pseudomys_hermannsburgensis_ABTC08067;Pseudomys_higginsi_UC1421;Pseudomys_johnsoni_ABTC08053;Pseudomys_nanus_U1448;Pseudomys_novaehollandiae_ABTC08140;Pseudomys_occidentalis_ABTC08043;Pseudomys_oralis_RAT7;Pseudomys_patrius_JM10865;Pseudomys_shortridgei_Z25113;Zyzomys_argurus_ABTC61630;Zyzomys_maini_ABTC07900;Zyzomys_palatalis_ABTC30744;Zyzomys_pedunculatus_Z34925;Zyzomys_woodwardi_WAMM21724","internal",0.499329635074794
295,"Zyzomys_argurus_ABTC61630;Zyzomys_maini_ABTC07900;Zyzomys_palatalis_ABTC30744;Zyzomys_pedunculatus_Z34925;Zyzomys_woodwardi_WAMM21724","internal",1.26136384183594
296,"Zyzomys_pedunculatus_Z34925;Zyzomys_woodwardi_WAMM21724","internal",0.21419216283735
297,"Zyzomys_argurus_ABTC61630;Zyzomys_maini_ABTC07900;Zyzomys_palatalis_ABTC30744","internal",0.554293351355537
298,"Zyzomys_argurus_ABTC61630;Zyzomys_palatalis_ABTC30744","internal",0.503403081106914
299,"Leggadina_forresti_WAMM62323;Leggadina_lakedownensis_WAMM21623;Mastacomys_fuscus_M13957;Notomys_alexis_U1308;Notomys_aquilo_M-32455;Notomys_cervinus_M22857;Notomys_fuscus_M22830;Notomys_mitchellii_M21518;Pseudomys_albocinereus_WAMM18855;Pseudomys_apodemoides_M16672;Pseudomys_australis_M25541;Pseudomys_bolami_ABTC107389;Pseudomys_calabyi_U4324;Pseudomys_chapmani_WAMM29440;Pseudomys_delicatulus_U1509;Pseudomys_desertor_ABTC41464;Pseudomys_fumeus_ABTC08168;Pseudomys_gracilicaudatus_ABTC08163;Pseudomys_hermannsburgensis_ABTC08067;Pseudomys_higginsi_UC1421;Pseudomys_johnsoni_ABTC08053;Pseudomys_nanus_U1448;Pseudomys_novaehollandiae_ABTC08140;Pseudomys_occidentalis_ABTC08043;Pseudomys_oralis_RAT7;Pseudomys_patrius_JM10865;Pseudomys_shortridgei_Z25113","internal",0.0632597051519758
300,"Leggadina_forresti_WAMM62323;Leggadina_lakedownensis_WAMM21623","internal",2.26288321251378
301,"Mastacomys_fuscus_M13957;Notomys_alexis_U1308;Notomys_aquilo_M-32455;Notomys_cervinus_M22857;Notomys_fuscus_M22830;Notomys_mitchellii_M21518;Pseudomys_albocinereus_WAMM18855;Pseudomys_apodemoides_M16672;Pseudomys_australis_M25541;Pseudomys_bolami_ABTC107389;Pseudomys_calabyi_U4324;Pseudomys_chapmani_WAMM29440;Pseudomys_delicatulus_U1509;Pseudomys_desertor_ABTC41464;Pseudomys_fumeus_ABTC08168;Pseudomys_gracilicaudatus_ABTC08163;Pseudomys_hermannsburgensis_ABTC08067;Pseudomys_higginsi_UC1421;Pseudomys_johnsoni_ABTC08053;Pseudomys_nanus_U1448;Pseudomys_novaehollandiae_ABTC08140;Pseudomys_occidentalis_ABTC08043;Pseudomys_oralis_RAT7;Pseudomys_patrius_JM10865;Pseudomys_shortridgei_Z25113","internal",0.90236631599396
302,"Notomys_alexis_U1308;Notomys_aquilo_M-32455;Notomys_cervinus_M22857;Notomys_fuscus_M22830;Notomys_mitchellii_M21518;Pseudomys_calabyi_U4324;Pseudomys_chapmani_WAMM29440;Pseudomys_johnsoni_ABTC08053;Pseudomys_patrius_JM10865","internal",0.185190401127257
303,"Pseudomys_calabyi_U4324;Pseudomys_chapmani_WAMM29440;Pseudomys_johnsoni_ABTC08053;Pseudomys_patrius_JM10865","internal",1.2904292823653
304,"Pseudomys_chapmani_WAMM29440;Pseudomys_johnsoni_ABTC08053;Pseudomys_patrius_JM10865","internal",0.124895889287634
305,"Pseudomys_johnsoni_ABTC08053;Pseudomys_patrius_JM10865","internal",0.431492926499474
306,"Notomys_alexis_U1308;Notomys_aquilo_M-32455;Notomys_cervinus_M22857;Notomys_fuscus_M22830;Notomys_mitchellii_M21518","internal",0.56977545736271
307,"Notomys_alexis_U1308;Notomys_aquilo_M-32455;Notomys_fuscus_M22830;Notomys_mitchellii_M21518","internal",1.12011395229153
308,"Notomys_alexis_U1308;Notomys_aquilo_M-32455;Notomys_fuscus_M22830","internal",0.0569880911629395
309,"Notomys_alexis_U1308;Notomys_aquilo_M-32455","internal",0.0723183981442166
310,"Mastacomys_fuscus_M13957;Pseudomys_albocinereus_WAMM18855;Pseudomys_apodemoides_M16672;Pseudomys_australis_M25541;Pseudomys_bolami_ABTC107389;Pseudomys_delicatulus_U1509;Pseudomys_desertor_ABTC41464;Pseudomys_fumeus_ABTC08168;Pseudomys_gracilicaudatus_ABTC08163;Pseudomys_hermannsburgensis_ABTC08067;Pseudomys_higginsi_UC1421;Pseudomys_nanus_U1448;Pseudomys_novaehollandiae_ABTC08140;Pseudomys_occidentalis_ABTC08043;Pseudomys_oralis_RAT7;Pseudomys_shortridgei_Z25113","internal",0.359816823847395
311,"Mastacomys_fuscus_M13957;Pseudomys_albocinereus_WAMM18855;Pseudomys_apodemoides_M16672;Pseudomys_australis_M25541;Pseudomys_bolami_ABTC107389;Pseudomys_delicatulus_U1509;Pseudomys_desertor_ABTC41464;Pseudomys_fumeus_ABTC08168;Pseudomys_gracilicaudatus_ABTC08163;Pseudomys_hermannsburgensis_ABTC08067;Pseudomys_higginsi_UC1421;Pseudomys_nanus_U1448;Pseudomys_novaehollandiae_ABTC08140;Pseudomys_oralis_RAT7;Pseudomys_shortridgei_Z25113","internal",0.293179508206824
312,"Pseudomys_albocinereus_WAMM18855;Pseudomys_apodemoides_M16672;Pseudomys_fumeus_ABTC08168","internal",0.365530462362154
313,"Pseudomys_albocinereus_WAMM18855;Pseudomys_apodemoides_M16672","internal",1.40109242729776
314,"Mastacomys_fuscus_M13957;Pseudomys_australis_M25541;Pseudomys_bolami_ABTC107389;Pseudomys_delicatulus_U1509;Pseudomys_desertor_ABTC41464;Pseudomys_gracilicaudatus_ABTC08163;Pseudomys_hermannsburgensis_ABTC08067;Pseudomys_higginsi_UC1421;Pseudomys_nanus_U1448;Pseudomys_novaehollandiae_ABTC08140;Pseudomys_oralis_RAT7;Pseudomys_shortridgei_Z25113","internal",0.111935709819644
315,"Pseudomys_gracilicaudatus_ABTC08163;Pseudomys_nanus_U1448","internal",1.49169879075442
316,"Mastacomys_fuscus_M13957;Pseudomys_australis_M25541;Pseudomys_bolami_ABTC107389;Pseudomys_delicatulus_U1509;Pseudomys_desertor_ABTC41464;Pseudomys_hermannsburgensis_ABTC08067;Pseudomys_higginsi_UC1421;Pseudomys_novaehollandiae_ABTC08140;Pseudomys_oralis_RAT7;Pseudomys_shortridgei_Z25113","internal",0.139130649795605
317,"Pseudomys_desertor_ABTC41464;Pseudomys_oralis_RAT7;Pseudomys_shortridgei_Z25113","internal",0.30184780210566
318,"Pseudomys_desertor_ABTC41464;Pseudomys_shortridgei_Z25113","internal",1.28785846582312
319,"Mastacomys_fuscus_M13957;Pseudomys_australis_M25541;Pseudomys_bolami_ABTC107389;Pseudomys_delicatulus_U1509;Pseudomys_hermannsburgensis_ABTC08067;Pseudomys_higginsi_UC1421;Pseudomys_novaehollandiae_ABTC08140","internal",0.278838463110104
320,"Mastacomys_fuscus_M13957;Pseudomys_bolami_ABTC107389;Pseudomys_delicatulus_U1509;Pseudomys_hermannsburgensis_ABTC08067;Pseudomys_higginsi_UC1421;Pseudomys_novaehollandiae_ABTC08140","internal",0.20354199531015
321,"Pseudomys_bolami_ABTC107389;Pseudomys_delicatulus_U1509;Pseudomys_hermannsburgensis_ABTC08067;Pseudomys_higginsi_UC1421;Pseudomys_novaehollandiae_ABTC08140","internal",0.219897497695251
322,"Pseudomys_bolami_ABTC107389;Pseudomys_delicatulus_U1509;Pseudomys_hermannsburgensis_ABTC08067;Pseudomys_novaehollandiae_ABTC08140","internal",0.76998872510649
323,"Pseudomys_bolami_ABTC107389;Pseudomys_delicatulus_U1509;Pseudomys_novaehollandiae_ABTC08140","internal",0.374161520433911
324,"Pseudomys_bolami_ABTC107389;Pseudomys_novaehollandiae_ABTC08140","internal",0.0786021291648926
325,"Aethomys_hindei_MVZ196257;Aethomys_nyikae_FMNH196708;Apodemus_sylvaticus_SMG3823;Arvicanthus_neumanni_FMNH158037;Arvicanthus_niloticus_MNHN1999201;Colomys_goslingi_TCD4175;Dasymys_incomtus_LSUMZ37702;Dasymys_montanus_FMNH144389;Dephomys_defua_MNHNR24062;Grammomys_dryas_LSUMZ37716;Heimyscus_fumosus_FMNH167810;Hybomys_lunaris_LSUMZ37734;Hybomys_planifrons_R24117;Hybomys_univittatus_TCD4026;Hylomyscus_stella_LSUMZ37742;Hylomyscus_vulcanorum_TCD4382;Lemniscomys_striatus_TCD4711;Malacomys_longipes_TCD4253;Mastomys_natalensis_T4162;Micaelemys_namaquensis_MNHN1987009;mm10;Mus_caroli_10460X9;Mus_cervicolor_10460X10;Mus_cookii_10460X3;Mus_macedonicus_10460X12;Mus_minutoides_10460X2;Mus_musculoides_LSUMZ37820;Mus_musculus-castaneus_10460X7;Mus_musculus-domesticus_10460X15;Mus_musculus-musculus_10460X14;Mus_musculus-reference_10460X5;Mus_pahari_10460X1;Mus_platythrix_10460X13;Mus_spicilegus_10460X11;Mus_spretus_10460X4;Mylomys_dybowskii_MNHN1997072;Myomyscus_verreauxii_MNHN1999102;Oenomys_hypoxanthus_LSUMZ37838;Otomys_denti_LSUMZ37840;Otomys_tropicalis_LSUMZ37841;Pelomys_isseli_FMNH137886;Pelomys_minor_FMNH219213;Pithecheir_melanurus_LSUMZ38198;Praomys_degraaffi_TCD4312;Praomys_jacksoni_REC31;Rhabdomys_pumilio_MNHN1995065;Stochomys_longicaudatus_MNHN1999459;Thallomys_paedulcus_FMNH158089;Thamnomys_kempi_TCD4437;Thamnomys_venustus_LSUMZ37935;Vandeleuria_oleracea_ABTC116404;Zelotomys_woosnami_TTU-M115260","internal",0.158640870777209
326,"Aethomys_hindei_MVZ196257;Aethomys_nyikae_FMNH196708;Arvicanthus_neumanni_FMNH158037;Arvicanthus_niloticus_MNHN1999201;Dasymys_incomtus_LSUMZ37702;Dasymys_montanus_FMNH144389;Dephomys_defua_MNHNR24062;Grammomys_dryas_LSUMZ37716;Hybomys_lunaris_LSUMZ37734;Hybomys_planifrons_R24117;Hybomys_univittatus_TCD4026;Lemniscomys_striatus_TCD4711;Micaelemys_namaquensis_MNHN1987009;Mylomys_dybowskii_MNHN1997072;Oenomys_hypoxanthus_LSUMZ37838;Otomys_denti_LSUMZ37840;Otomys_tropicalis_LSUMZ37841;Pelomys_isseli_FMNH137886;Pelomys_minor_FMNH219213;Pithecheir_melanurus_LSUMZ38198;Rhabdomys_pumilio_MNHN1995065;Stochomys_longicaudatus_MNHN1999459;Thallomys_paedulcus_FMNH158089;Thamnomys_kempi_TCD4437;Thamnomys_venustus_LSUMZ37935;Vandeleuria_oleracea_ABTC116404","internal",0.350583695923363
327,"Aethomys_hindei_MVZ196257;Aethomys_nyikae_FMNH196708;Arvicanthus_neumanni_FMNH158037;Arvicanthus_niloticus_MNHN1999201;Dasymys_incomtus_LSUMZ37702;Dasymys_montanus_FMNH144389;Dephomys_defua_MNHNR24062;Grammomys_dryas_LSUMZ37716;Hybomys_lunaris_LSUMZ37734;Hybomys_planifrons_R24117;Hybomys_univittatus_TCD4026;Lemniscomys_striatus_TCD4711;Micaelemys_namaquensis_MNHN1987009;Mylomys_dybowskii_MNHN1997072;Oenomys_hypoxanthus_LSUMZ37838;Otomys_denti_LSUMZ37840;Otomys_tropicalis_LSUMZ37841;Pelomys_isseli_FMNH137886;Pelomys_minor_FMNH219213;Pithecheir_melanurus_LSUMZ38198;Rhabdomys_pumilio_MNHN1995065;Stochomys_longicaudatus_MNHN1999459;Thallomys_paedulcus_FMNH158089;Thamnomys_kempi_TCD4437;Thamnomys_venustus_LSUMZ37935","internal",0.847248243172351
328,"Aethomys_hindei_MVZ196257;Aethomys_nyikae_FMNH196708;Arvicanthus_neumanni_FMNH158037;Arvicanthus_niloticus_MNHN1999201;Dasymys_incomtus_LSUMZ37702;Dasymys_montanus_FMNH144389;Dephomys_defua_MNHNR24062;Grammomys_dryas_LSUMZ37716;Hybomys_lunaris_LSUMZ37734;Hybomys_planifrons_R24117;Hybomys_univittatus_TCD4026;Lemniscomys_striatus_TCD4711;Micaelemys_namaquensis_MNHN1987009;Mylomys_dybowskii_MNHN1997072;Oenomys_hypoxanthus_LSUMZ37838;Otomys_denti_LSUMZ37840;Otomys_tropicalis_LSUMZ37841;Pelomys_isseli_FMNH137886;Pelomys_minor_FMNH219213;Rhabdomys_pumilio_MNHN1995065;Stochomys_longicaudatus_MNHN1999459;Thallomys_paedulcus_FMNH158089;Thamnomys_kempi_TCD4437;Thamnomys_venustus_LSUMZ37935","internal",1.08898735012549
329,"Otomys_denti_LSUMZ37840;Otomys_tropicalis_LSUMZ37841","internal",2.55519916166635
330,"Aethomys_hindei_MVZ196257;Aethomys_nyikae_FMNH196708;Arvicanthus_neumanni_FMNH158037;Arvicanthus_niloticus_MNHN1999201;Dasymys_incomtus_LSUMZ37702;Dasymys_montanus_FMNH144389;Dephomys_defua_MNHNR24062;Grammomys_dryas_LSUMZ37716;Hybomys_lunaris_LSUMZ37734;Hybomys_planifrons_R24117;Hybomys_univittatus_TCD4026;Lemniscomys_striatus_TCD4711;Micaelemys_namaquensis_MNHN1987009;Mylomys_dybowskii_MNHN1997072;Oenomys_hypoxanthus_LSUMZ37838;Pelomys_isseli_FMNH137886;Pelomys_minor_FMNH219213;Rhabdomys_pumilio_MNHN1995065;Stochomys_longicaudatus_MNHN1999459;Thallomys_paedulcus_FMNH158089;Thamnomys_kempi_TCD4437;Thamnomys_venustus_LSUMZ37935","internal",1.08525853595706
331,"Aethomys_hindei_MVZ196257;Aethomys_nyikae_FMNH196708;Arvicanthus_neumanni_FMNH158037;Arvicanthus_niloticus_MNHN1999201;Dasymys_incomtus_LSUMZ37702;Dasymys_montanus_FMNH144389;Dephomys_defua_MNHNR24062;Grammomys_dryas_LSUMZ37716;Hybomys_lunaris_LSUMZ37734;Hybomys_planifrons_R24117;Hybomys_univittatus_TCD4026;Lemniscomys_striatus_TCD4711;Micaelemys_namaquensis_MNHN1987009;Mylomys_dybowskii_MNHN1997072;Pelomys_isseli_FMNH137886;Pelomys_minor_FMNH219213;Rhabdomys_pumilio_MNHN1995065;Stochomys_longicaudatus_MNHN1999459;Thallomys_paedulcus_FMNH158089;Thamnomys_kempi_TCD4437;Thamnomys_venustus_LSUMZ37935","internal",0.0790955209394079
332,"Dephomys_defua_MNHNR24062;Hybomys_lunaris_LSUMZ37734;Hybomys_planifrons_R24117;Hybomys_univittatus_TCD4026;Stochomys_longicaudatus_MNHN1999459","internal",0.503993646850122
333,"Dephomys_defua_MNHNR24062;Hybomys_lunaris_LSUMZ37734;Hybomys_univittatus_TCD4026;Stochomys_longicaudatus_MNHN1999459","internal",1.2100345464778
334,"Hybomys_lunaris_LSUMZ37734;Hybomys_univittatus_TCD4026","internal",2.54411212766003
335,"Dephomys_defua_MNHNR24062;Stochomys_longicaudatus_MNHN1999459","internal",0.920238665566276
336,"Aethomys_hindei_MVZ196257;Aethomys_nyikae_FMNH196708;Arvicanthus_neumanni_FMNH158037;Arvicanthus_niloticus_MNHN1999201;Dasymys_incomtus_LSUMZ37702;Dasymys_montanus_FMNH144389;Grammomys_dryas_LSUMZ37716;Lemniscomys_striatus_TCD4711;Micaelemys_namaquensis_MNHN1987009;Mylomys_dybowskii_MNHN1997072;Pelomys_isseli_FMNH137886;Pelomys_minor_FMNH219213;Rhabdomys_pumilio_MNHN1995065;Thallomys_paedulcus_FMNH158089;Thamnomys_kempi_TCD4437;Thamnomys_venustus_LSUMZ37935","internal",0.199998575899004
337,"Aethomys_hindei_MVZ196257;Aethomys_nyikae_FMNH196708;Grammomys_dryas_LSUMZ37716;Micaelemys_namaquensis_MNHN1987009;Thallomys_paedulcus_FMNH158089;Thamnomys_kempi_TCD4437;Thamnomys_venustus_LSUMZ37935","internal",0.215513620640436
338,"Aethomys_hindei_MVZ196257;Aethomys_nyikae_FMNH196708;Grammomys_dryas_LSUMZ37716;Thallomys_paedulcus_FMNH158089;Thamnomys_kempi_TCD4437;Thamnomys_venustus_LSUMZ37935","internal",0.364939478989367
339,"Aethomys_hindei_MVZ196257;Aethomys_nyikae_FMNH196708","internal",1.31497066138688
340,"Grammomys_dryas_LSUMZ37716;Thallomys_paedulcus_FMNH158089;Thamnomys_kempi_TCD4437;Thamnomys_venustus_LSUMZ37935","internal",0.0259463313871513
341,"Grammomys_dryas_LSUMZ37716;Thamnomys_kempi_TCD4437;Thamnomys_venustus_LSUMZ37935","internal",0.471594759189206
342,"Thamnomys_kempi_TCD4437;Thamnomys_venustus_LSUMZ37935","internal",0.794546980069949
343,"Arvicanthus_neumanni_FMNH158037;Arvicanthus_niloticus_MNHN1999201;Dasymys_incomtus_LSUMZ37702;Dasymys_montanus_FMNH144389;Lemniscomys_striatus_TCD4711;Mylomys_dybowskii_MNHN1997072;Pelomys_isseli_FMNH137886;Pelomys_minor_FMNH219213;Rhabdomys_pumilio_MNHN1995065","internal",0.369387456792106
344,"Dasymys_incomtus_LSUMZ37702;Dasymys_montanus_FMNH144389","internal",2.91783437134063
345,"Arvicanthus_neumanni_FMNH158037;Arvicanthus_niloticus_MNHN1999201;Lemniscomys_striatus_TCD4711;Mylomys_dybowskii_MNHN1997072;Pelomys_isseli_FMNH137886;Pelomys_minor_FMNH219213;Rhabdomys_pumilio_MNHN1995065","internal",1.54134346457539
346,"Arvicanthus_neumanni_FMNH158037;Arvicanthus_niloticus_MNHN1999201;Lemniscomys_striatus_TCD4711;Mylomys_dybowskii_MNHN1997072;Pelomys_isseli_FMNH137886;Pelomys_minor_FMNH219213","internal",0.403681233649563
347,"Mylomys_dybowskii_MNHN1997072;Pelomys_isseli_FMNH137886;Pelomys_minor_FMNH219213","internal",0.9859849599848
348,"Pelomys_isseli_FMNH137886;Pelomys_minor_FMNH219213","internal",1.12762816607112
349,"Arvicanthus_neumanni_FMNH158037;Arvicanthus_niloticus_MNHN1999201;Lemniscomys_striatus_TCD4711","internal",1.0684586717033
350,"Arvicanthus_neumanni_FMNH158037;Arvicanthus_niloticus_MNHN1999201","internal",1.69307484633473
351,"Apodemus_sylvaticus_SMG3823;Colomys_goslingi_TCD4175;Heimyscus_fumosus_FMNH167810;Hylomyscus_stella_LSUMZ37742;Hylomyscus_vulcanorum_TCD4382;Malacomys_longipes_TCD4253;Mastomys_natalensis_T4162;mm10;Mus_caroli_10460X9;Mus_cervicolor_10460X10;Mus_cookii_10460X3;Mus_macedonicus_10460X12;Mus_minutoides_10460X2;Mus_musculoides_LSUMZ37820;Mus_musculus-castaneus_10460X7;Mus_musculus-domesticus_10460X15;Mus_musculus-musculus_10460X14;Mus_musculus-reference_10460X5;Mus_pahari_10460X1;Mus_platythrix_10460X13;Mus_spicilegus_10460X11;Mus_spretus_10460X4;Myomyscus_verreauxii_MNHN1999102;Praomys_degraaffi_TCD4312;Praomys_jacksoni_REC31;Zelotomys_woosnami_TTU-M115260","internal",0.64856925654778
352,"Apodemus_sylvaticus_SMG3823;Malacomys_longipes_TCD4253","internal",0.219644681077893
353,"Colomys_goslingi_TCD4175;Heimyscus_fumosus_FMNH167810;Hylomyscus_stella_LSUMZ37742;Hylomyscus_vulcanorum_TCD4382;Mastomys_natalensis_T4162;mm10;Mus_caroli_10460X9;Mus_cervicolor_10460X10;Mus_cookii_10460X3;Mus_macedonicus_10460X12;Mus_minutoides_10460X2;Mus_musculoides_LSUMZ37820;Mus_musculus-castaneus_10460X7;Mus_musculus-domesticus_10460X15;Mus_musculus-musculus_10460X14;Mus_musculus-reference_10460X5;Mus_pahari_10460X1;Mus_platythrix_10460X13;Mus_spicilegus_10460X11;Mus_spretus_10460X4;Myomyscus_verreauxii_MNHN1999102;Praomys_degraaffi_TCD4312;Praomys_jacksoni_REC31;Zelotomys_woosnami_TTU-M115260","internal",0.451051950256454
354,"Colomys_goslingi_TCD4175;Heimyscus_fumosus_FMNH167810;Hylomyscus_stella_LSUMZ37742;Hylomyscus_vulcanorum_TCD4382;Mastomys_natalensis_T4162;Myomyscus_verreauxii_MNHN1999102;Praomys_degraaffi_TCD4312;Praomys_jacksoni_REC31;Zelotomys_woosnami_TTU-M115260","internal",2.48768757609823
355,"Colomys_goslingi_TCD4175;Mastomys_natalensis_T4162;Myomyscus_verreauxii_MNHN1999102;Praomys_degraaffi_TCD4312;Praomys_jacksoni_REC31;Zelotomys_woosnami_TTU-M115260","internal",0.66946110200113
356,"Praomys_degraaffi_TCD4312;Praomys_jacksoni_REC31","internal",1.53548091305209
357,"Colomys_goslingi_TCD4175;Mastomys_natalensis_T4162;Myomyscus_verreauxii_MNHN1999102;Zelotomys_woosnami_TTU-M115260","internal",0.276912175157041
358,"Colomys_goslingi_TCD4175;Myomyscus_verreauxii_MNHN1999102;Zelotomys_woosnami_TTU-M115260","internal",0.878969458864666
359,"Colomys_goslingi_TCD4175;Zelotomys_woosnami_TTU-M115260","internal",0.926397872296622
360,"Heimyscus_fumosus_FMNH167810;Hylomyscus_stella_LSUMZ37742;Hylomyscus_vulcanorum_TCD4382","internal",1.04396672560858
361,"Hylomyscus_stella_LSUMZ37742;Hylomyscus_vulcanorum_TCD4382","internal",1.18879715118669
362,"mm10;Mus_caroli_10460X9;Mus_cervicolor_10460X10;Mus_cookii_10460X3;Mus_macedonicus_10460X12;Mus_minutoides_10460X2;Mus_musculoides_LSUMZ37820;Mus_musculus-castaneus_10460X7;Mus_musculus-domesticus_10460X15;Mus_musculus-musculus_10460X14;Mus_musculus-reference_10460X5;Mus_pahari_10460X1;Mus_platythrix_10460X13;Mus_spicilegus_10460X11;Mus_spretus_10460X4","internal",2.29373943216666
363,"mm10;Mus_caroli_10460X9;Mus_cervicolor_10460X10;Mus_cookii_10460X3;Mus_macedonicus_10460X12;Mus_minutoides_10460X2;Mus_musculoides_LSUMZ37820;Mus_musculus-castaneus_10460X7;Mus_musculus-domesticus_10460X15;Mus_musculus-musculus_10460X14;Mus_musculus-reference_10460X5;Mus_platythrix_10460X13;Mus_spicilegus_10460X11;Mus_spretus_10460X4","internal",0.252708841193195
364,"Mus_minutoides_10460X2;Mus_musculoides_LSUMZ37820","internal",2.54252126271269
365,"mm10;Mus_caroli_10460X9;Mus_cervicolor_10460X10;Mus_cookii_10460X3;Mus_macedonicus_10460X12;Mus_musculus-castaneus_10460X7;Mus_musculus-domesticus_10460X15;Mus_musculus-musculus_10460X14;Mus_musculus-reference_10460X5;Mus_platythrix_10460X13;Mus_spicilegus_10460X11;Mus_spretus_10460X4","internal",0.247778498222614
366,"mm10;Mus_caroli_10460X9;Mus_cervicolor_10460X10;Mus_cookii_10460X3;Mus_macedonicus_10460X12;Mus_musculus-castaneus_10460X7;Mus_musculus-domesticus_10460X15;Mus_musculus-musculus_10460X14;Mus_musculus-reference_10460X5;Mus_spicilegus_10460X11;Mus_spretus_10460X4","internal",1.73115674023766
367,"Mus_caroli_10460X9;Mus_cervicolor_10460X10;Mus_cookii_10460X3","internal",0.663072319296207
368,"Mus_cervicolor_10460X10;Mus_cookii_10460X3","internal",0.713247686823757
369,"mm10;Mus_macedonicus_10460X12;Mus_musculus-castaneus_10460X7;Mus_musculus-domesticus_10460X15;Mus_musculus-musculus_10460X14;Mus_musculus-reference_10460X5;Mus_spicilegus_10460X11;Mus_spretus_10460X4","internal",1.66500048301699
370,"Mus_macedonicus_10460X12;Mus_spicilegus_10460X11;Mus_spretus_10460X4","internal",0.225357245983341
371,"Mus_macedonicus_10460X12;Mus_spicilegus_10460X11","internal",0.92030180345446
372,"mm10;Mus_musculus-castaneus_10460X7;Mus_musculus-domesticus_10460X15;Mus_musculus-musculus_10460X14;Mus_musculus-reference_10460X5","internal",0.96087723080791
373,"Mus_musculus-castaneus_10460X7;Mus_musculus-musculus_10460X14;Mus_musculus-reference_10460X5","internal",0.530083193269081
374,"Mus_musculus-musculus_10460X14;Mus_musculus-reference_10460X5","internal",0.542311471179382
375,"mm10;Mus_musculus-domesticus_10460X15","internal",0.798184288521217
